NaN,0,0.01,0.02,0.03,0.04,0.05,0.06,0.07,0.08,0.09,0.1,0.11,0.12,0.13,0.14,0.15,0.16,0.17,0.18,0.19,0.2,0.21,0.22,0.23,0.24,0.25,0.26,0.27,0.28,0.29,0.3,0.31,0.32,0.33,0.34,0.35,0.36,0.37,0.38,0.39,0.4,0.41,0.42,0.43,0.44,0.45,0.46,0.47,0.48,0.49,0.5,0.51,0.52,0.53,0.54,0.55,0.56,0.57,0.58,0.59,0.6,0.61,0.62,0.63,0.64,0.65,0.66,0.67,0.68,0.69,0.7,0.71,0.72,0.73,0.74,0.75,0.76,0.77,0.78,0.79,0.8,0.81,0.82,0.83,0.84,0.85,0.86,0.87,0.88,0.89,0.9,0.91,0.92,0.93,0.94,0.95,0.96,0.97,0.98,0.99,1
0,NaN,NaN,NaN,NaN,NaN,NaN,NaN,NaN,NaN,NaN,NaN,NaN,NaN,NaN,NaN,NaN,NaN,NaN,NaN,NaN,NaN,NaN,NaN,NaN,NaN,NaN,NaN,NaN,NaN,NaN,NaN,NaN,NaN,NaN,NaN,NaN,NaN,NaN,NaN,NaN,NaN,NaN,NaN,NaN,NaN,NaN,NaN,NaN,NaN,NaN,NaN,NaN,NaN,NaN,NaN,NaN,NaN,NaN,NaN,NaN,NaN,NaN,NaN,NaN,NaN,NaN,NaN,NaN,NaN,NaN,NaN,NaN,NaN,NaN,NaN,NaN,NaN,NaN,NaN,NaN,NaN,NaN,NaN,NaN,NaN,NaN,NaN,NaN,NaN,NaN,NaN,NaN,NaN,NaN,NaN,NaN,NaN,NaN,NaN,NaN,NaN
0.01,NaN,NaN,NaN,NaN,NaN,NaN,NaN,NaN,NaN,NaN,NaN,NaN,NaN,NaN,NaN,NaN,NaN,NaN,NaN,NaN,NaN,NaN,NaN,NaN,NaN,NaN,NaN,NaN,NaN,NaN,NaN,NaN,NaN,NaN,NaN,NaN,NaN,NaN,NaN,NaN,NaN,NaN,NaN,NaN,NaN,NaN,NaN,NaN,NaN,NaN,NaN,NaN,NaN,NaN,NaN,NaN,NaN,NaN,NaN,NaN,NaN,NaN,NaN,NaN,NaN,NaN,NaN,NaN,NaN,NaN,NaN,NaN,NaN,NaN,NaN,NaN,NaN,NaN,NaN,NaN,NaN,NaN,NaN,NaN,NaN,NaN,NaN,NaN,NaN,NaN,NaN,NaN,NaN,NaN,NaN,NaN,NaN,NaN,NaN,NaN,NaN
0.02,NaN,NaN,NaN,NaN,NaN,NaN,NaN,NaN,NaN,NaN,NaN,NaN,NaN,NaN,NaN,NaN,NaN,NaN,NaN,NaN,NaN,NaN,NaN,NaN,NaN,NaN,NaN,NaN,NaN,NaN,NaN,NaN,NaN,NaN,NaN,NaN,NaN,NaN,NaN,NaN,NaN,NaN,NaN,NaN,NaN,NaN,NaN,NaN,NaN,NaN,NaN,NaN,NaN,NaN,NaN,NaN,NaN,NaN,NaN,NaN,NaN,NaN,NaN,NaN,NaN,NaN,NaN,NaN,NaN,NaN,NaN,NaN,NaN,NaN,NaN,NaN,NaN,NaN,NaN,NaN,NaN,NaN,NaN,NaN,NaN,NaN,NaN,NaN,NaN,NaN,NaN,NaN,NaN,NaN,NaN,NaN,NaN,NaN,NaN,NaN,NaN
0.03,NaN,NaN,NaN,NaN,NaN,NaN,NaN,NaN,NaN,NaN,NaN,NaN,NaN,NaN,NaN,NaN,NaN,NaN,NaN,NaN,NaN,NaN,NaN,NaN,NaN,NaN,NaN,NaN,NaN,NaN,NaN,NaN,NaN,NaN,NaN,NaN,NaN,5.455,NaN,NaN,NaN,NaN,NaN,NaN,NaN,NaN,NaN,NaN,NaN,NaN,NaN,NaN,NaN,NaN,NaN,NaN,NaN,NaN,NaN,NaN,NaN,NaN,NaN,NaN,NaN,NaN,NaN,NaN,NaN,NaN,NaN,NaN,NaN,NaN,NaN,NaN,NaN,NaN,NaN,NaN,NaN,NaN,NaN,NaN,NaN,NaN,NaN,NaN,NaN,NaN,NaN,NaN,NaN,NaN,NaN,NaN,NaN,NaN,NaN,NaN,NaN
0.04,NaN,NaN,NaN,NaN,NaN,NaN,NaN,NaN,NaN,NaN,NaN,NaN,NaN,NaN,NaN,NaN,NaN,NaN,NaN,NaN,NaN,NaN,NaN,NaN,NaN,NaN,NaN,NaN,NaN,NaN,NaN,NaN,NaN,NaN,NaN,NaN,NaN,1.1919,NaN,NaN,NaN,NaN,NaN,NaN,NaN,NaN,NaN,NaN,NaN,NaN,NaN,NaN,NaN,NaN,NaN,NaN,NaN,NaN,NaN,NaN,NaN,NaN,NaN,NaN,NaN,NaN,NaN,NaN,NaN,NaN,NaN,NaN,NaN,NaN,NaN,NaN,NaN,NaN,NaN,NaN,NaN,NaN,NaN,NaN,NaN,NaN,NaN,NaN,NaN,NaN,NaN,NaN,NaN,NaN,NaN,NaN,NaN,NaN,NaN,NaN,NaN
0.05,NaN,NaN,NaN,NaN,NaN,NaN,NaN,NaN,NaN,NaN,NaN,NaN,NaN,NaN,NaN,NaN,NaN,NaN,NaN,NaN,NaN,NaN,NaN,NaN,NaN,NaN,NaN,NaN,NaN,NaN,NaN,NaN,NaN,NaN,NaN,NaN,NaN,0.65984,NaN,NaN,NaN,NaN,NaN,NaN,NaN,NaN,NaN,NaN,NaN,NaN,NaN,NaN,NaN,NaN,NaN,NaN,NaN,NaN,NaN,NaN,NaN,NaN,NaN,NaN,NaN,NaN,NaN,NaN,NaN,NaN,NaN,NaN,NaN,NaN,NaN,NaN,NaN,NaN,NaN,NaN,NaN,NaN,NaN,NaN,NaN,NaN,NaN,NaN,NaN,NaN,NaN,NaN,NaN,NaN,NaN,NaN,NaN,NaN,NaN,NaN,NaN
0.06,NaN,NaN,NaN,NaN,NaN,NaN,NaN,NaN,NaN,NaN,NaN,NaN,NaN,NaN,NaN,NaN,NaN,NaN,NaN,NaN,NaN,NaN,NaN,NaN,NaN,NaN,NaN,NaN,NaN,NaN,NaN,NaN,NaN,NaN,NaN,NaN,NaN,0.45504,4.2864,NaN,NaN,NaN,NaN,NaN,NaN,NaN,NaN,NaN,NaN,NaN,NaN,NaN,NaN,NaN,NaN,NaN,NaN,NaN,NaN,NaN,NaN,NaN,NaN,NaN,NaN,NaN,NaN,NaN,NaN,NaN,NaN,NaN,NaN,NaN,NaN,NaN,NaN,NaN,NaN,NaN,NaN,NaN,NaN,NaN,NaN,NaN,NaN,NaN,NaN,NaN,NaN,NaN,NaN,NaN,NaN,NaN,NaN,NaN,NaN,NaN,NaN
0.07,NaN,NaN,NaN,NaN,NaN,NaN,NaN,NaN,NaN,NaN,NaN,NaN,NaN,NaN,NaN,NaN,NaN,NaN,NaN,NaN,NaN,NaN,NaN,NaN,NaN,NaN,NaN,NaN,NaN,NaN,NaN,NaN,NaN,NaN,NaN,NaN,NaN,0.34693,1.7635,NaN,NaN,NaN,NaN,NaN,NaN,NaN,NaN,NaN,NaN,NaN,NaN,NaN,NaN,NaN,NaN,NaN,NaN,NaN,NaN,NaN,NaN,NaN,NaN,NaN,NaN,NaN,NaN,NaN,NaN,NaN,NaN,NaN,NaN,NaN,NaN,NaN,NaN,NaN,NaN,NaN,NaN,NaN,NaN,NaN,NaN,NaN,NaN,NaN,NaN,NaN,NaN,NaN,NaN,NaN,NaN,NaN,NaN,NaN,NaN,NaN,NaN
0.08,NaN,NaN,NaN,NaN,NaN,NaN,NaN,NaN,NaN,NaN,NaN,NaN,NaN,NaN,NaN,NaN,NaN,NaN,NaN,NaN,NaN,NaN,NaN,NaN,NaN,NaN,NaN,NaN,NaN,NaN,NaN,NaN,NaN,NaN,NaN,NaN,NaN,0.28022,1.0994,15.412,NaN,NaN,NaN,NaN,NaN,NaN,NaN,NaN,NaN,NaN,NaN,NaN,NaN,NaN,NaN,NaN,NaN,NaN,NaN,NaN,NaN,NaN,NaN,NaN,NaN,NaN,NaN,NaN,NaN,NaN,NaN,NaN,NaN,NaN,NaN,NaN,NaN,NaN,NaN,NaN,NaN,NaN,NaN,NaN,NaN,NaN,NaN,NaN,NaN,NaN,NaN,NaN,NaN,NaN,NaN,NaN,NaN,NaN,NaN,NaN,NaN
0.09,NaN,NaN,NaN,NaN,NaN,NaN,NaN,NaN,NaN,NaN,NaN,NaN,NaN,NaN,NaN,NaN,NaN,NaN,NaN,NaN,NaN,NaN,NaN,NaN,NaN,NaN,NaN,NaN,NaN,NaN,NaN,NaN,NaN,NaN,NaN,NaN,NaN,0.23499,0.7961,3.5149,NaN,NaN,NaN,NaN,NaN,NaN,NaN,NaN,NaN,NaN,NaN,NaN,NaN,NaN,NaN,NaN,NaN,NaN,NaN,NaN,NaN,NaN,NaN,NaN,NaN,NaN,NaN,NaN,NaN,NaN,NaN,NaN,NaN,NaN,NaN,NaN,NaN,NaN,NaN,NaN,NaN,NaN,NaN,NaN,NaN,NaN,NaN,NaN,NaN,NaN,NaN,NaN,NaN,NaN,NaN,NaN,NaN,NaN,NaN,NaN,NaN
0.1,NaN,NaN,NaN,NaN,NaN,NaN,NaN,NaN,NaN,NaN,NaN,NaN,NaN,NaN,NaN,NaN,NaN,NaN,NaN,NaN,NaN,NaN,NaN,NaN,NaN,NaN,NaN,NaN,NaN,NaN,NaN,NaN,NaN,NaN,NaN,NaN,NaN,0.20229,0.62307,1.9492,NaN,NaN,NaN,NaN,NaN,NaN,NaN,NaN,NaN,NaN,NaN,NaN,NaN,NaN,NaN,NaN,NaN,NaN,NaN,NaN,NaN,NaN,NaN,NaN,NaN,NaN,NaN,NaN,NaN,NaN,NaN,NaN,NaN,NaN,NaN,NaN,NaN,NaN,NaN,NaN,NaN,NaN,NaN,NaN,NaN,NaN,NaN,NaN,NaN,NaN,NaN,NaN,NaN,NaN,NaN,NaN,NaN,NaN,NaN,NaN,NaN
0.11,NaN,NaN,NaN,NaN,NaN,NaN,NaN,NaN,NaN,NaN,NaN,NaN,NaN,NaN,NaN,NaN,NaN,NaN,NaN,NaN,NaN,NaN,NaN,NaN,NaN,NaN,NaN,NaN,NaN,NaN,NaN,NaN,NaN,NaN,NaN,NaN,NaN,0.1776,0.51156,1.3403,6.0827,NaN,NaN,NaN,NaN,NaN,NaN,NaN,NaN,NaN,NaN,NaN,NaN,NaN,NaN,NaN,NaN,NaN,NaN,NaN,NaN,NaN,NaN,NaN,NaN,NaN,NaN,NaN,NaN,NaN,NaN,NaN,NaN,NaN,NaN,NaN,NaN,NaN,NaN,NaN,NaN,NaN,NaN,NaN,NaN,NaN,NaN,NaN,NaN,NaN,NaN,NaN,NaN,NaN,NaN,NaN,NaN,NaN,NaN,NaN,NaN
0.12,NaN,NaN,NaN,NaN,NaN,NaN,NaN,NaN,NaN,NaN,NaN,NaN,NaN,NaN,NaN,NaN,NaN,NaN,NaN,NaN,NaN,NaN,NaN,NaN,NaN,NaN,NaN,NaN,NaN,NaN,NaN,NaN,NaN,NaN,NaN,NaN,NaN,0.15827,0.43373,1.0187,2.9725,NaN,NaN,NaN,NaN,NaN,NaN,NaN,NaN,NaN,NaN,NaN,NaN,NaN,NaN,NaN,NaN,NaN,NaN,NaN,NaN,NaN,NaN,NaN,NaN,NaN,NaN,NaN,NaN,NaN,NaN,NaN,NaN,NaN,NaN,NaN,NaN,NaN,NaN,NaN,NaN,NaN,NaN,NaN,NaN,NaN,NaN,NaN,NaN,NaN,NaN,NaN,NaN,NaN,NaN,NaN,NaN,NaN,NaN,NaN,NaN
0.13,NaN,NaN,NaN,NaN,NaN,NaN,NaN,NaN,NaN,NaN,NaN,NaN,NaN,NaN,NaN,NaN,NaN,NaN,NaN,NaN,NaN,NaN,NaN,NaN,NaN,NaN,NaN,NaN,NaN,NaN,NaN,NaN,NaN,NaN,NaN,NaN,NaN,0.14273,0.37637,0.82048,1.9502,9.3163,NaN,NaN,NaN,NaN,NaN,NaN,NaN,NaN,NaN,NaN,NaN,NaN,NaN,NaN,NaN,NaN,NaN,NaN,NaN,NaN,NaN,NaN,NaN,NaN,NaN,NaN,NaN,NaN,NaN,NaN,NaN,NaN,NaN,NaN,NaN,NaN,NaN,NaN,NaN,NaN,NaN,NaN,NaN,NaN,NaN,NaN,NaN,NaN,NaN,NaN,NaN,NaN,NaN,NaN,NaN,NaN,NaN,NaN,NaN
0.14,NaN,NaN,NaN,NaN,NaN,NaN,NaN,NaN,NaN,NaN,NaN,NaN,NaN,NaN,NaN,NaN,NaN,NaN,NaN,NaN,NaN,NaN,NaN,NaN,NaN,NaN,NaN,NaN,NaN,NaN,NaN,NaN,NaN,NaN,NaN,NaN,NaN,0.12996,0.33237,0.68634,1.4456,4.0631,NaN,NaN,NaN,NaN,NaN,NaN,NaN,NaN,NaN,NaN,NaN,NaN,NaN,NaN,NaN,NaN,NaN,NaN,NaN,NaN,NaN,NaN,NaN,NaN,NaN,NaN,NaN,NaN,NaN,NaN,NaN,NaN,NaN,NaN,NaN,NaN,NaN,NaN,NaN,NaN,NaN,NaN,NaN,NaN,NaN,NaN,NaN,NaN,NaN,NaN,NaN,NaN,NaN,NaN,NaN,NaN,NaN,NaN,NaN
0.15,NaN,NaN,NaN,NaN,NaN,NaN,NaN,NaN,NaN,NaN,NaN,NaN,NaN,NaN,NaN,NaN,NaN,NaN,NaN,NaN,NaN,NaN,NaN,NaN,NaN,NaN,NaN,NaN,NaN,NaN,NaN,NaN,NaN,NaN,NaN,NaN,NaN,0.1193,0.29755,0.5896,1.1463,2.5719,12.369,NaN,NaN,NaN,NaN,NaN,NaN,NaN,NaN,NaN,NaN,NaN,NaN,NaN,NaN,NaN,NaN,NaN,NaN,NaN,NaN,NaN,NaN,NaN,NaN,NaN,NaN,NaN,NaN,NaN,NaN,NaN,NaN,NaN,NaN,NaN,NaN,NaN,NaN,NaN,NaN,NaN,NaN,NaN,NaN,NaN,NaN,NaN,NaN,NaN,NaN,NaN,NaN,NaN,NaN,NaN,NaN,NaN,NaN
0.16,NaN,NaN,NaN,NaN,NaN,NaN,NaN,NaN,NaN,NaN,NaN,NaN,NaN,NaN,NaN,NaN,NaN,NaN,NaN,NaN,NaN,NaN,NaN,NaN,NaN,NaN,NaN,NaN,NaN,NaN,NaN,NaN,NaN,NaN,NaN,NaN,NaN,0.11024,0.26932,0.51667,0.94865,1.8728,5.0481,NaN,NaN,NaN,NaN,NaN,NaN,NaN,NaN,NaN,NaN,NaN,NaN,NaN,NaN,NaN,NaN,NaN,NaN,NaN,NaN,NaN,NaN,NaN,NaN,NaN,NaN,NaN,NaN,NaN,NaN,NaN,NaN,NaN,NaN,NaN,NaN,NaN,NaN,NaN,NaN,NaN,NaN,NaN,NaN,NaN,NaN,NaN,NaN,NaN,NaN,NaN,NaN,NaN,NaN,NaN,NaN,NaN,NaN
0.17,NaN,NaN,NaN,NaN,NaN,NaN,NaN,NaN,NaN,NaN,NaN,NaN,NaN,NaN,NaN,NaN,NaN,NaN,NaN,NaN,NaN,NaN,NaN,NaN,NaN,NaN,NaN,NaN,NaN,NaN,NaN,NaN,NaN,NaN,NaN,NaN,NaN,0.10247,0.24597,0.45971,0.80859,1.4689,3.1373,14.001,NaN,NaN,NaN,NaN,NaN,NaN,NaN,NaN,NaN,NaN,NaN,NaN,NaN,NaN,NaN,NaN,NaN,NaN,NaN,NaN,NaN,NaN,NaN,NaN,NaN,NaN,NaN,NaN,NaN,NaN,NaN,NaN,NaN,NaN,NaN,NaN,NaN,NaN,NaN,NaN,NaN,NaN,NaN,NaN,NaN,NaN,NaN,NaN,NaN,NaN,NaN,NaN,NaN,NaN,NaN,NaN,NaN
0.18,NaN,NaN,NaN,NaN,NaN,NaN,NaN,NaN,NaN,NaN,NaN,NaN,NaN,NaN,NaN,NaN,NaN,NaN,NaN,NaN,NaN,NaN,NaN,NaN,NaN,NaN,NaN,NaN,NaN,NaN,NaN,NaN,NaN,NaN,NaN,NaN,NaN,0.095717,0.22634,0.414,0.70427,1.2067,2.2646,5.7545,NaN,NaN,NaN,NaN,NaN,NaN,NaN,NaN,NaN,NaN,NaN,NaN,NaN,NaN,NaN,NaN,NaN,NaN,NaN,NaN,NaN,NaN,NaN,NaN,NaN,NaN,NaN,NaN,NaN,NaN,NaN,NaN,NaN,NaN,NaN,NaN,NaN,NaN,NaN,NaN,NaN,NaN,NaN,NaN,NaN,NaN,NaN,NaN,NaN,NaN,NaN,NaN,NaN,NaN,NaN,NaN,NaN
0.19,NaN,NaN,NaN,NaN,NaN,NaN,NaN,NaN,NaN,NaN,NaN,NaN,NaN,NaN,NaN,NaN,NaN,NaN,NaN,NaN,NaN,NaN,NaN,NaN,NaN,NaN,NaN,NaN,NaN,NaN,NaN,NaN,NaN,NaN,NaN,NaN,NaN,0.0898,0.20961,0.37653,0.62361,1.0231,1.7669,3.584,13.783,NaN,NaN,NaN,NaN,NaN,NaN,NaN,NaN,NaN,NaN,NaN,NaN,NaN,NaN,NaN,NaN,NaN,NaN,NaN,NaN,NaN,NaN,NaN,NaN,NaN,NaN,NaN,NaN,NaN,NaN,NaN,NaN,NaN,NaN,NaN,NaN,NaN,NaN,NaN,NaN,NaN,NaN,NaN,NaN,NaN,NaN,NaN,NaN,NaN,NaN,NaN,NaN,NaN,NaN,NaN,NaN
0.2,NaN,NaN,NaN,NaN,NaN,NaN,NaN,NaN,NaN,NaN,NaN,NaN,NaN,NaN,NaN,NaN,NaN,NaN,NaN,NaN,NaN,NaN,NaN,NaN,NaN,NaN,NaN,NaN,NaN,NaN,NaN,NaN,NaN,NaN,NaN,NaN,NaN,0.084572,0.19518,0.34525,0.55939,0.88741,1.4462,2.5898,6.0949,NaN,NaN,NaN,NaN,NaN,NaN,NaN,NaN,NaN,NaN,NaN,NaN,NaN,NaN,NaN,NaN,NaN,NaN,NaN,NaN,NaN,NaN,NaN,NaN,NaN,NaN,NaN,NaN,NaN,NaN,NaN,NaN,NaN,NaN,NaN,NaN,NaN,NaN,NaN,NaN,NaN,NaN,NaN,NaN,NaN,NaN,NaN,NaN,NaN,NaN,NaN,NaN,NaN,NaN,NaN,NaN
0.21,NaN,NaN,NaN,NaN,NaN,NaN,NaN,NaN,NaN,NaN,NaN,NaN,NaN,NaN,NaN,NaN,NaN,NaN,NaN,NaN,NaN,NaN,NaN,NaN,NaN,NaN,NaN,NaN,NaN,NaN,NaN,NaN,NaN,NaN,NaN,NaN,NaN,0.079919,0.1826,0.31876,0.50713,0.78324,1.2229,2.0216,3.8765,12.39,NaN,NaN,NaN,NaN,NaN,NaN,NaN,NaN,NaN,NaN,NaN,NaN,NaN,NaN,NaN,NaN,NaN,NaN,NaN,NaN,NaN,NaN,NaN,NaN,NaN,NaN,NaN,NaN,NaN,NaN,NaN,NaN,NaN,NaN,NaN,NaN,NaN,NaN,NaN,NaN,NaN,NaN,NaN,NaN,NaN,NaN,NaN,NaN,NaN,NaN,NaN,NaN,NaN,NaN,NaN
0.22,NaN,NaN,NaN,NaN,NaN,NaN,NaN,NaN,NaN,NaN,NaN,NaN,NaN,NaN,NaN,NaN,NaN,NaN,NaN,NaN,NaN,NaN,NaN,NaN,NaN,NaN,NaN,NaN,NaN,NaN,NaN,NaN,NaN,NaN,NaN,NaN,NaN,0.075751,0.17154,0.29603,0.46374,0.70076,1.0586,1.6551,2.8287,6.0962,52.084,NaN,NaN,NaN,NaN,NaN,NaN,NaN,NaN,NaN,NaN,NaN,NaN,NaN,NaN,NaN,NaN,NaN,NaN,NaN,NaN,NaN,NaN,NaN,NaN,NaN,NaN,NaN,NaN,NaN,NaN,NaN,NaN,NaN,NaN,NaN,NaN,NaN,NaN,NaN,NaN,NaN,NaN,NaN,NaN,NaN,NaN,NaN,NaN,NaN,NaN,NaN,NaN,NaN,NaN
0.23,NaN,NaN,NaN,NaN,NaN,NaN,NaN,NaN,NaN,NaN,NaN,NaN,NaN,NaN,NaN,NaN,NaN,NaN,NaN,NaN,NaN,NaN,NaN,NaN,NaN,NaN,NaN,NaN,NaN,NaN,NaN,NaN,NaN,NaN,NaN,NaN,NaN,0.071996,0.16174,0.27632,0.42716,0.63388,0.93283,1.3996,2.2208,4.011,10.655,NaN,NaN,NaN,NaN,NaN,NaN,NaN,NaN,NaN,NaN,NaN,NaN,NaN,NaN,NaN,NaN,NaN,NaN,NaN,NaN,NaN,NaN,NaN,NaN,NaN,NaN,NaN,NaN,NaN,NaN,NaN,NaN,NaN,NaN,NaN,NaN,NaN,NaN,NaN,NaN,NaN,NaN,NaN,NaN,NaN,NaN,NaN,NaN,NaN,NaN,NaN,NaN,NaN,NaN
0.24,NaN,NaN,NaN,NaN,NaN,NaN,NaN,NaN,NaN,NaN,NaN,NaN,NaN,NaN,NaN,NaN,NaN,NaN,NaN,NaN,NaN,NaN,NaN,NaN,NaN,NaN,NaN,NaN,NaN,NaN,NaN,NaN,NaN,NaN,NaN,NaN,NaN,0.068596,0.15301,0.25906,0.3959,0.57857,0.83348,1.2116,1.8249,2.9761,5.856,24.554,NaN,NaN,NaN,NaN,NaN,NaN,NaN,NaN,NaN,NaN,NaN,NaN,NaN,NaN,NaN,NaN,NaN,NaN,NaN,NaN,NaN,NaN,NaN,NaN,NaN,NaN,NaN,NaN,NaN,NaN,NaN,NaN,NaN,NaN,NaN,NaN,NaN,NaN,NaN,NaN,NaN,NaN,NaN,NaN,NaN,NaN,NaN,NaN,NaN,NaN,NaN,NaN,NaN
0.25,NaN,NaN,NaN,NaN,NaN,NaN,NaN,NaN,NaN,NaN,NaN,NaN,NaN,NaN,NaN,NaN,NaN,NaN,NaN,NaN,NaN,NaN,NaN,NaN,NaN,NaN,NaN,NaN,NaN,NaN,NaN,NaN,NaN,NaN,NaN,NaN,NaN,0.065502,0.14517,0.24383,0.36889,0.53207,0.75308,1.0675,1.5471,2.3599,4.0115,9.0345,5275.2,NaN,NaN,NaN,NaN,NaN,NaN,NaN,NaN,NaN,NaN,NaN,NaN,NaN,NaN,NaN,NaN,NaN,NaN,NaN,NaN,NaN,NaN,NaN,NaN,NaN,NaN,NaN,NaN,NaN,NaN,NaN,NaN,NaN,NaN,NaN,NaN,NaN,NaN,NaN,NaN,NaN,NaN,NaN,NaN,NaN,NaN,NaN,NaN,NaN,NaN,NaN,NaN
0.26,NaN,NaN,NaN,NaN,NaN,NaN,NaN,NaN,NaN,NaN,NaN,NaN,NaN,NaN,NaN,NaN,NaN,NaN,NaN,NaN,NaN,NaN,NaN,NaN,NaN,NaN,NaN,NaN,NaN,NaN,NaN,NaN,NaN,NaN,NaN,NaN,NaN,0.062675,0.13809,0.23029,0.34532,0.49246,0.68671,0.95376,1.3417,1.9519,3.0395,5.4812,15.555,NaN,NaN,NaN,NaN,NaN,NaN,NaN,NaN,NaN,NaN,NaN,NaN,NaN,NaN,NaN,NaN,NaN,NaN,NaN,NaN,NaN,NaN,NaN,NaN,NaN,NaN,NaN,NaN,NaN,NaN,NaN,NaN,NaN,NaN,NaN,NaN,NaN,NaN,NaN,NaN,NaN,NaN,NaN,NaN,NaN,NaN,NaN,NaN,NaN,NaN,NaN,NaN
0.27,NaN,NaN,NaN,NaN,NaN,NaN,NaN,NaN,NaN,NaN,NaN,NaN,NaN,NaN,NaN,NaN,NaN,NaN,NaN,NaN,NaN,NaN,NaN,NaN,NaN,NaN,NaN,NaN,NaN,NaN,NaN,NaN,NaN,NaN,NaN,NaN,NaN,0.060083,0.13167,0.21817,0.32457,0.45831,0.63101,0.86167,1.1838,1.6625,2.4413,3.9136,7.6704,35.416,NaN,NaN,NaN,NaN,NaN,NaN,NaN,NaN,NaN,NaN,NaN,NaN,NaN,NaN,NaN,NaN,NaN,NaN,NaN,NaN,NaN,NaN,NaN,NaN,NaN,NaN,NaN,NaN,NaN,NaN,NaN,NaN,NaN,NaN,NaN,NaN,NaN,NaN,NaN,NaN,NaN,NaN,NaN,NaN,NaN,NaN,NaN,NaN,NaN,NaN,NaN
0.28,NaN,NaN,NaN,NaN,NaN,NaN,NaN,NaN,NaN,NaN,NaN,NaN,NaN,NaN,NaN,NaN,NaN,NaN,NaN,NaN,NaN,NaN,NaN,NaN,NaN,NaN,NaN,NaN,NaN,NaN,NaN,NaN,NaN,NaN,NaN,NaN,NaN,0.057696,0.12582,0.20726,0.30616,0.42857,0.5836,0.78564,1.0588,1.4467,2.0368,3.0339,5.0538,11.175,6043.4,NaN,NaN,NaN,NaN,NaN,NaN,NaN,NaN,NaN,NaN,NaN,NaN,NaN,NaN,NaN,NaN,NaN,NaN,NaN,NaN,NaN,NaN,NaN,NaN,NaN,NaN,NaN,NaN,NaN,NaN,NaN,NaN,NaN,NaN,NaN,NaN,NaN,NaN,NaN,NaN,NaN,NaN,NaN,NaN,NaN,NaN,NaN,NaN,NaN,NaN
0.29,NaN,NaN,NaN,NaN,NaN,NaN,NaN,NaN,NaN,NaN,NaN,NaN,NaN,NaN,NaN,NaN,NaN,NaN,NaN,NaN,NaN,NaN,NaN,NaN,NaN,NaN,NaN,NaN,NaN,NaN,NaN,NaN,NaN,NaN,NaN,NaN,NaN,0.055491,0.12047,0.19739,0.28973,0.40243,0.54278,0.72183,0.95739,1.2798,1.7456,2.4724,3.7527,6.5669,17.454,NaN,NaN,NaN,NaN,NaN,NaN,NaN,NaN,NaN,NaN,NaN,NaN,NaN,NaN,NaN,NaN,NaN,NaN,NaN,NaN,NaN,NaN,NaN,NaN,NaN,NaN,NaN,NaN,NaN,NaN,NaN,NaN,NaN,NaN,NaN,NaN,NaN,NaN,NaN,NaN,NaN,NaN,NaN,NaN,NaN,NaN,NaN,NaN,NaN,NaN
0.3,NaN,NaN,NaN,NaN,NaN,NaN,NaN,NaN,NaN,NaN,NaN,NaN,NaN,NaN,NaN,NaN,NaN,NaN,NaN,NaN,NaN,NaN,NaN,NaN,NaN,NaN,NaN,NaN,NaN,NaN,NaN,NaN,NaN,NaN,NaN,NaN,NaN,0.053449,0.11555,0.18841,0.27496,0.37929,0.50725,0.66753,0.87351,1.147,1.5261,2.0835,2.9768,4.6248,8.6181,31.343,NaN,NaN,NaN,NaN,NaN,NaN,NaN,NaN,NaN,NaN,NaN,NaN,NaN,NaN,NaN,NaN,NaN,NaN,NaN,NaN,NaN,NaN,NaN,NaN,NaN,NaN,NaN,NaN,NaN,NaN,NaN,NaN,NaN,NaN,NaN,NaN,NaN,NaN,NaN,NaN,NaN,NaN,NaN,NaN,NaN,NaN,NaN,NaN,NaN
0.31,NaN,NaN,NaN,NaN,NaN,NaN,NaN,NaN,NaN,NaN,NaN,NaN,NaN,NaN,NaN,NaN,NaN,NaN,NaN,NaN,NaN,NaN,NaN,NaN,NaN,NaN,NaN,NaN,NaN,NaN,NaN,NaN,NaN,NaN,NaN,NaN,NaN,0.051552,0.11102,0.18021,0.26162,0.35865,0.47607,0.62077,0.80301,1.0389,1.355,1.7987,2.4628,3.5577,5.6816,11.471,83.487,NaN,NaN,NaN,NaN,NaN,NaN,NaN,NaN,NaN,NaN,NaN,NaN,NaN,NaN,NaN,NaN,NaN,NaN,NaN,NaN,NaN,NaN,NaN,NaN,NaN,NaN,NaN,NaN,NaN,NaN,NaN,NaN,NaN,NaN,NaN,NaN,NaN,NaN,NaN,NaN,NaN,NaN,NaN,NaN,NaN,NaN,NaN,NaN
0.32,NaN,NaN,NaN,NaN,NaN,NaN,NaN,NaN,NaN,NaN,NaN,NaN,NaN,NaN,NaN,NaN,NaN,NaN,NaN,NaN,NaN,NaN,NaN,NaN,NaN,NaN,NaN,NaN,NaN,NaN,NaN,NaN,NaN,NaN,NaN,NaN,NaN,0.049785,0.10683,0.1727,0.24952,0.34014,0.44849,0.58008,0.74294,0.94917,1.2179,1.5813,2.0977,2.8847,4.2208,6.9578,15.567,NaN,NaN,NaN,NaN,NaN,NaN,NaN,NaN,NaN,NaN,NaN,NaN,NaN,NaN,NaN,NaN,NaN,NaN,NaN,NaN,NaN,NaN,NaN,NaN,NaN,NaN,NaN,NaN,NaN,NaN,NaN,NaN,NaN,NaN,NaN,NaN,NaN,NaN,NaN,NaN,NaN,NaN,NaN,NaN,NaN,NaN,NaN,NaN
0.33,NaN,NaN,NaN,NaN,NaN,NaN,NaN,NaN,NaN,NaN,NaN,NaN,NaN,NaN,NaN,NaN,NaN,NaN,NaN,NaN,NaN,NaN,NaN,NaN,NaN,NaN,NaN,NaN,NaN,NaN,NaN,NaN,NaN,NaN,NaN,NaN,NaN,0.048134,0.10295,0.16579,0.23848,0.32344,0.42391,0.54437,0.69116,0.87356,1.1057,1.4101,1.8254,2.4225,3.3491,4.9694,8.4893,21.698,NaN,NaN,NaN,NaN,NaN,NaN,NaN,NaN,NaN,NaN,NaN,NaN,NaN,NaN,NaN,NaN,NaN,NaN,NaN,NaN,NaN,NaN,NaN,NaN,NaN,NaN,NaN,NaN,NaN,NaN,NaN,NaN,NaN,NaN,NaN,NaN,NaN,NaN,NaN,NaN,NaN,NaN,NaN,NaN,NaN,NaN,NaN
0.34,NaN,NaN,NaN,NaN,NaN,NaN,NaN,NaN,NaN,NaN,NaN,NaN,NaN,NaN,NaN,NaN,NaN,NaN,NaN,NaN,NaN,NaN,NaN,NaN,NaN,NaN,NaN,NaN,NaN,NaN,NaN,NaN,NaN,NaN,NaN,NaN,NaN,0.04659,0.099335,0.1594,0.22838,0.30829,0.40187,0.51276,0.64607,0.80899,1.0122,1.2719,1.6147,2.0859,2.7711,3.8532,5.8019,10.304,31.368,NaN,NaN,NaN,NaN,NaN,NaN,NaN,NaN,NaN,NaN,NaN,NaN,NaN,NaN,NaN,NaN,NaN,NaN,NaN,NaN,NaN,NaN,NaN,NaN,NaN,NaN,NaN,NaN,NaN,NaN,NaN,NaN,NaN,NaN,NaN,NaN,NaN,NaN,NaN,NaN,NaN,NaN,NaN,NaN,NaN,NaN
0.35,NaN,NaN,NaN,NaN,NaN,NaN,NaN,NaN,NaN,NaN,NaN,NaN,NaN,NaN,NaN,NaN,NaN,NaN,NaN,NaN,NaN,NaN,NaN,NaN,NaN,NaN,NaN,NaN,NaN,NaN,NaN,NaN,NaN,NaN,NaN,NaN,NaN,0.045142,0.095968,0.15349,0.21909,0.2945,0.382,0.48461,0.60646,0.75322,0.93307,1.1581,1.4469,1.83,2.3606,3.1402,4.3916,6.7098,12.411,47.766,NaN,NaN,NaN,NaN,NaN,NaN,NaN,NaN,NaN,NaN,NaN,NaN,NaN,NaN,NaN,NaN,NaN,NaN,NaN,NaN,NaN,NaN,NaN,NaN,NaN,NaN,NaN,NaN,NaN,NaN,NaN,NaN,NaN,NaN,NaN,NaN,NaN,NaN,NaN,NaN,NaN,NaN,NaN,NaN,NaN
0.36,NaN,NaN,NaN,NaN,NaN,NaN,NaN,NaN,NaN,NaN,NaN,NaN,NaN,NaN,NaN,NaN,NaN,NaN,NaN,NaN,NaN,NaN,NaN,NaN,NaN,NaN,NaN,NaN,NaN,NaN,NaN,NaN,NaN,NaN,NaN,NaN,NaN,0.043781,0.092821,0.14801,0.21053,0.28189,0.364,0.45938,0.5714,0.70459,0.86531,1.0627,1.3103,1.6292,2.0542,2.6464,3.5248,4.9551,7.6753,14.783,78.497,NaN,NaN,NaN,NaN,NaN,NaN,NaN,NaN,NaN,NaN,NaN,NaN,NaN,NaN,NaN,NaN,NaN,NaN,NaN,NaN,NaN,NaN,NaN,NaN,NaN,NaN,NaN,NaN,NaN,NaN,NaN,NaN,NaN,NaN,NaN,NaN,NaN,NaN,NaN,NaN,NaN,NaN,NaN,NaN
0.37,NaN,NaN,NaN,NaN,NaN,NaN,NaN,NaN,NaN,NaN,NaN,NaN,NaN,NaN,NaN,NaN,NaN,NaN,NaN,NaN,NaN,NaN,NaN,NaN,NaN,NaN,NaN,NaN,NaN,NaN,NaN,NaN,NaN,NaN,NaN,NaN,NaN,0.0425,0.089874,0.1429,0.20262,0.2703,0.34761,0.43663,0.54014,0.6618,0.80663,0.98164,1.1969,1.4675,1.8171,2.2845,2.9392,3.9178,5.5308,8.6684,17.333,145.86,NaN,NaN,NaN,NaN,NaN,NaN,NaN,NaN,NaN,NaN,NaN,NaN,NaN,NaN,NaN,NaN,NaN,NaN,NaN,NaN,NaN,NaN,NaN,NaN,NaN,NaN,NaN,NaN,NaN,NaN,NaN,NaN,NaN,NaN,NaN,NaN,NaN,NaN,NaN,NaN,NaN,NaN,NaN
0.38,NaN,NaN,NaN,NaN,NaN,NaN,NaN,NaN,NaN,NaN,NaN,NaN,NaN,NaN,NaN,NaN,NaN,NaN,NaN,NaN,NaN,NaN,NaN,NaN,NaN,NaN,NaN,NaN,NaN,NaN,NaN,NaN,NaN,NaN,NaN,NaN,NaN,0.041291,0.087109,0.13813,0.19527,0.25964,0.33263,0.41602,0.51211,0.62388,0.75534,0.91195,1.1013,1.3346,1.6282,2.0082,2.5177,3.2341,4.3108,6.1019,9.6479,19.891,337.62,NaN,NaN,NaN,NaN,NaN,NaN,NaN,NaN,NaN,NaN,NaN,NaN,NaN,NaN,NaN,NaN,NaN,NaN,NaN,NaN,NaN,NaN,NaN,NaN,NaN,NaN,NaN,NaN,NaN,NaN,NaN,NaN,NaN,NaN,NaN,NaN,NaN,NaN,NaN,NaN,NaN,NaN
0.39,NaN,NaN,NaN,NaN,NaN,NaN,NaN,NaN,NaN,NaN,NaN,NaN,NaN,NaN,NaN,NaN,NaN,NaN,NaN,NaN,NaN,NaN,NaN,NaN,NaN,NaN,NaN,NaN,NaN,NaN,NaN,NaN,NaN,NaN,NaN,NaN,NaN,0.04015,0.084508,0.13367,0.18844,0.24977,0.31888,0.39726,0.48681,0.59003,0.71012,0.85139,1.0197,1.2234,1.4744,1.7906,2.2002,2.7501,3.5251,4.6938,6.649,10.563,22.213,1282.2,NaN,NaN,NaN,NaN,NaN,NaN,NaN,NaN,NaN,NaN,NaN,NaN,NaN,NaN,NaN,NaN,NaN,NaN,NaN,NaN,NaN,NaN,NaN,NaN,NaN,NaN,NaN,NaN,NaN,NaN,NaN,NaN,NaN,NaN,NaN,NaN,NaN,NaN,NaN,NaN,NaN
0.4,NaN,NaN,NaN,NaN,NaN,NaN,NaN,NaN,NaN,NaN,NaN,NaN,NaN,NaN,NaN,NaN,NaN,NaN,NaN,NaN,NaN,NaN,NaN,NaN,NaN,NaN,NaN,NaN,NaN,NaN,NaN,NaN,NaN,NaN,NaN,NaN,NaN,0.03907,0.082058,0.12949,0.18207,0.24063,0.30622,0.38011,0.4639,0.55965,0.66997,0.79831,0.94927,1.1291,1.3467,1.6148,1.9525,2.39,2.9776,3.8059,5.0561,7.151,11.361,24.018,10551,NaN,NaN,NaN,NaN,NaN,NaN,NaN,NaN,NaN,NaN,NaN,NaN,NaN,NaN,NaN,NaN,NaN,NaN,NaN,NaN,NaN,NaN,NaN,NaN,NaN,NaN,NaN,NaN,NaN,NaN,NaN,NaN,NaN,NaN,NaN,NaN,NaN,NaN,NaN,NaN
0.41,NaN,NaN,NaN,NaN,NaN,NaN,NaN,NaN,NaN,NaN,NaN,NaN,NaN,NaN,NaN,NaN,NaN,NaN,NaN,NaN,NaN,NaN,NaN,NaN,NaN,NaN,NaN,NaN,NaN,NaN,NaN,NaN,NaN,NaN,NaN,NaN,NaN,0.038046,0.079747,0.12556,0.17612,0.23214,0.29452,0.36437,0.44303,0.53222,0.63408,0.75139,0.8878,1.0482,1.2391,1.47,1.7542,2.1119,2.5748,3.1959,4.07,5.387,7.5882,11.99,25.076,1393.2,NaN,NaN,NaN,NaN,NaN,NaN,NaN,NaN,NaN,NaN,NaN,NaN,NaN,NaN,NaN,NaN,NaN,NaN,NaN,NaN,NaN,NaN,NaN,NaN,NaN,NaN,NaN,NaN,NaN,NaN,NaN,NaN,NaN,NaN,NaN,NaN,NaN,NaN,NaN
0.42,NaN,NaN,NaN,NaN,NaN,NaN,NaN,NaN,NaN,NaN,NaN,NaN,NaN,NaN,NaN,NaN,NaN,NaN,NaN,NaN,NaN,NaN,NaN,NaN,NaN,NaN,NaN,NaN,NaN,NaN,NaN,NaN,NaN,NaN,NaN,NaN,NaN,0.037075,0.077561,0.12187,0.17054,0.22422,0.28368,0.34988,0.42395,0.50734,0.60181,0.70964,0.83373,0.9779,1.1472,1.3486,1.5918,1.8908,2.2664,2.7515,3.4006,4.3112,5.6767,7.9428,12.416,25.282,398.53,NaN,NaN,NaN,NaN,NaN,NaN,NaN,NaN,NaN,NaN,NaN,NaN,NaN,NaN,NaN,NaN,NaN,NaN,NaN,NaN,NaN,NaN,NaN,NaN,NaN,NaN,NaN,NaN,NaN,NaN,NaN,NaN,NaN,NaN,NaN,NaN,NaN,NaN
0.43,NaN,NaN,NaN,NaN,NaN,NaN,NaN,NaN,NaN,NaN,NaN,NaN,NaN,NaN,NaN,NaN,NaN,NaN,NaN,NaN,NaN,NaN,NaN,NaN,NaN,NaN,NaN,NaN,NaN,NaN,NaN,NaN,NaN,NaN,NaN,NaN,NaN,0.036152,0.075493,0.11838,0.1653,0.21682,0.27361,0.33649,0.40644,0.48466,0.57264,0.67224,0.78581,0.91636,1.0679,1.2455,1.4565,1.7109,2.0228,2.4138,2.9171,3.5879,4.5239,5.9172,8.203,12.622,24.697,187.68,NaN,NaN,NaN,NaN,NaN,NaN,NaN,NaN,NaN,NaN,NaN,NaN,NaN,NaN,NaN,NaN,NaN,NaN,NaN,NaN,NaN,NaN,NaN,NaN,NaN,NaN,NaN,NaN,NaN,NaN,NaN,NaN,NaN,NaN,NaN,NaN,NaN
0.44,NaN,NaN,NaN,NaN,NaN,NaN,NaN,NaN,NaN,NaN,NaN,NaN,NaN,NaN,NaN,NaN,NaN,NaN,NaN,NaN,NaN,NaN,NaN,NaN,NaN,NaN,NaN,NaN,NaN,NaN,NaN,NaN,NaN,NaN,NaN,NaN,NaN,0.035274,0.073532,0.11509,0.16038,0.2099,0.26423,0.32409,0.39031,0.46391,0.54616,0.63856,0.74304,0.86203,0.99863,1.1569,1.3421,1.5617,1.8257,2.1486,2.5519,3.0688,3.7543,4.7038,6.103,8.3633,12.615,23.499,110.08,NaN,NaN,NaN,NaN,NaN,NaN,NaN,NaN,NaN,NaN,NaN,NaN,NaN,NaN,NaN,NaN,NaN,NaN,NaN,NaN,NaN,NaN,NaN,NaN,NaN,NaN,NaN,NaN,NaN,NaN,NaN,NaN,NaN,NaN,NaN,NaN
0.45,NaN,NaN,NaN,NaN,NaN,NaN,NaN,NaN,NaN,NaN,NaN,NaN,NaN,NaN,NaN,NaN,NaN,NaN,NaN,NaN,NaN,NaN,NaN,NaN,NaN,NaN,NaN,NaN,NaN,NaN,NaN,NaN,NaN,NaN,NaN,NaN,NaN,0.034437,0.07167,0.11198,0.15574,0.2034,0.25547,0.31257,0.37541,0.44487,0.522,0.60807,0.70465,0.81372,0.93773,1.0798,1.2441,1.4361,1.663,1.935,2.2665,2.6788,3.2046,3.897,4.8478,6.2315,8.4249,12.418,21.918,73.066,NaN,NaN,NaN,NaN,NaN,NaN,NaN,NaN,NaN,NaN,NaN,NaN,NaN,NaN,NaN,NaN,NaN,NaN,NaN,NaN,NaN,NaN,NaN,NaN,NaN,NaN,NaN,NaN,NaN,NaN,NaN,NaN,NaN,NaN,NaN
0.46,NaN,NaN,NaN,NaN,NaN,NaN,NaN,NaN,NaN,NaN,NaN,NaN,NaN,NaN,NaN,NaN,NaN,NaN,NaN,NaN,NaN,NaN,NaN,NaN,NaN,NaN,NaN,NaN,NaN,NaN,NaN,NaN,NaN,NaN,NaN,NaN,NaN,0.03364,0.0699,0.10903,0.15136,0.19729,0.24727,0.30183,0.3616,0.42731,0.49987,0.58033,0.67,0.77048,0.88375,1.0123,1.1593,1.3289,1.5265,1.7594,2.0375,2.3751,2.7929,3.3224,4.0142,4.9544,6.303,8.395,12.067,20.159,52.498,NaN,NaN,NaN,NaN,NaN,NaN,NaN,NaN,NaN,NaN,NaN,NaN,NaN,NaN,NaN,NaN,NaN,NaN,NaN,NaN,NaN,NaN,NaN,NaN,NaN,NaN,NaN,NaN,NaN,NaN,NaN,NaN,NaN,NaN
0.47,NaN,NaN,NaN,NaN,NaN,NaN,NaN,NaN,NaN,NaN,NaN,NaN,NaN,NaN,NaN,NaN,NaN,NaN,NaN,NaN,NaN,NaN,NaN,NaN,NaN,NaN,NaN,NaN,NaN,NaN,NaN,NaN,NaN,NaN,NaN,NaN,NaN,0.032878,0.068215,0.10623,0.14722,0.19154,0.23958,0.29181,0.34876,0.41109,0.47953,0.555,0.63857,0.73157,0.83559,0.95263,1.0852,1.2364,1.4104,1.6125,1.8498,2.1322,2.4732,2.8929,3.4211,4.1049,5.0236,6.3203,8.2849,11.602,18.38,39.82,NaN,NaN,NaN,NaN,NaN,NaN,NaN,NaN,NaN,NaN,NaN,NaN,NaN,NaN,NaN,NaN,NaN,NaN,NaN,NaN,NaN,NaN,NaN,NaN,NaN,NaN,NaN,NaN,NaN,NaN,NaN,NaN,NaN
0.48,NaN,NaN,NaN,NaN,NaN,NaN,NaN,NaN,NaN,NaN,NaN,NaN,NaN,NaN,NaN,NaN,NaN,NaN,NaN,NaN,NaN,NaN,NaN,NaN,NaN,NaN,NaN,NaN,NaN,NaN,NaN,NaN,NaN,NaN,NaN,NaN,NaN,0.03215,0.06661,0.10357,0.1433,0.18611,0.23235,0.28243,0.33681,0.39604,0.46077,0.53177,0.60994,0.69636,0.79235,0.89952,1.0198,1.1558,1.3105,1.4879,1.6933,1.9335,2.2181,2.56,2.9779,3.5,4.1693,5.057,6.2886,8.1086,11.063,16.678,31.424,172.54,NaN,NaN,NaN,NaN,NaN,NaN,NaN,NaN,NaN,NaN,NaN,NaN,NaN,NaN,NaN,NaN,NaN,NaN,NaN,NaN,NaN,NaN,NaN,NaN,NaN,NaN,NaN,NaN,NaN,NaN,NaN
0.49,NaN,NaN,NaN,NaN,NaN,NaN,NaN,NaN,NaN,NaN,NaN,NaN,NaN,NaN,NaN,NaN,NaN,NaN,NaN,NaN,NaN,NaN,NaN,NaN,NaN,NaN,NaN,NaN,NaN,NaN,NaN,NaN,NaN,NaN,NaN,NaN,NaN,0.031454,0.065078,0.10104,0.13959,0.18099,0.22555,0.27363,0.32564,0.38205,0.44342,0.5104,0.58374,0.66436,0.75333,0.85195,0.96182,1.0849,1.2235,1.3809,1.5608,1.7682,2.0098,2.2945,2.6347,3.0476,3.5591,4.208,5.0571,6.214,7.8808,10.483,15.106,25.562,71.449,NaN,NaN,NaN,NaN,NaN,NaN,NaN,NaN,NaN,NaN,NaN,NaN,NaN,NaN,NaN,NaN,NaN,NaN,NaN,NaN,NaN,NaN,NaN,NaN,NaN,NaN,NaN,NaN,NaN,NaN
0.5,NaN,NaN,NaN,NaN,NaN,NaN,NaN,NaN,NaN,NaN,NaN,NaN,NaN,NaN,NaN,NaN,NaN,NaN,NaN,NaN,NaN,NaN,NaN,NaN,NaN,NaN,NaN,NaN,NaN,NaN,NaN,NaN,NaN,NaN,NaN,NaN,NaN,0.030787,0.063616,0.098635,0.13606,0.17613,0.21913,0.26536,0.31519,0.36902,0.42733,0.49067,0.55969,0.63515,0.71793,0.80912,0.90998,1.0221,1.1473,1.288,1.4472,1.6284,1.8367,2.0781,2.3611,2.697,3.102,3.5989,4.2225,5.0273,6.1038,7.6157,9.8893,13.686,21.291,44.095,16120,NaN,NaN,NaN,NaN,NaN,NaN,NaN,NaN,NaN,NaN,NaN,NaN,NaN,NaN,NaN,NaN,NaN,NaN,NaN,NaN,NaN,NaN,NaN,NaN,NaN,NaN,NaN,NaN
0.51,NaN,NaN,NaN,NaN,NaN,NaN,NaN,NaN,NaN,NaN,NaN,NaN,NaN,NaN,NaN,NaN,NaN,NaN,NaN,NaN,NaN,NaN,NaN,NaN,NaN,NaN,NaN,NaN,NaN,NaN,NaN,NaN,NaN,NaN,NaN,NaN,NaN,0.030148,0.062217,0.096339,0.1327,0.17153,0.21306,0.25758,0.30538,0.35684,0.41235,0.47239,0.53753,0.60838,0.68569,0.77034,0.86338,0.96606,1.0799,1.2067,1.3488,1.5088,1.6905,1.8983,2.138,2.4174,2.747,3.1412,3.6204,4.2151,4.9716,5.9651,7.326,9.3008,12.42,18.076,31.432,101.43,NaN,NaN,NaN,NaN,NaN,NaN,NaN,NaN,NaN,NaN,NaN,NaN,NaN,NaN,NaN,NaN,NaN,NaN,NaN,NaN,NaN,NaN,NaN,NaN,NaN,NaN,NaN
0.52,NaN,NaN,NaN,NaN,NaN,NaN,NaN,NaN,NaN,NaN,NaN,NaN,NaN,NaN,NaN,NaN,NaN,NaN,NaN,NaN,NaN,NaN,NaN,NaN,NaN,NaN,NaN,NaN,NaN,NaN,NaN,NaN,NaN,NaN,NaN,NaN,NaN,0.029535,0.060879,0.094147,0.12951,0.16717,0.20733,0.25023,0.29617,0.34543,0.39838,0.45543,0.51705,0.58376,0.65619,0.73508,0.82128,0.9158,1.0199,1.1349,1.2627,1.4054,1.5656,1.7467,1.9528,2.1894,2.4636,2.7848,3.1659,3.6249,4.188,4.8941,5.8047,7.0223,8.7312,11.3,15.588,24.173,49.906,17403,NaN,NaN,NaN,NaN,NaN,NaN,NaN,NaN,NaN,NaN,NaN,NaN,NaN,NaN,NaN,NaN,NaN,NaN,NaN,NaN,NaN,NaN,NaN,NaN,NaN
0.53,NaN,NaN,NaN,NaN,NaN,NaN,NaN,NaN,NaN,NaN,NaN,NaN,NaN,NaN,NaN,NaN,NaN,NaN,NaN,NaN,NaN,NaN,NaN,NaN,NaN,NaN,NaN,NaN,NaN,NaN,NaN,NaN,NaN,NaN,NaN,NaN,NaN,0.028946,0.059597,0.092053,0.12647,0.16302,0.20189,0.2433,0.28749,0.33473,0.38533,0.43964,0.49806,0.56104,0.62911,0.70287,0.78305,0.87046,0.96608,1.0711,1.1868,1.315,1.4575,1.6171,1.7966,2,2.2323,2.4998,2.8109,3.1772,3.6141,4.1438,4.7988,5.6288,6.7132,8.1892,10.312,13.62,19.486,32.703,90.137,NaN,NaN,NaN,NaN,NaN,NaN,NaN,NaN,NaN,NaN,NaN,NaN,NaN,NaN,NaN,NaN,NaN,NaN,NaN,NaN,NaN,NaN,NaN,NaN
0.54,NaN,NaN,NaN,NaN,NaN,NaN,NaN,NaN,NaN,NaN,NaN,NaN,NaN,NaN,NaN,NaN,NaN,NaN,NaN,NaN,NaN,NaN,NaN,NaN,NaN,NaN,NaN,NaN,NaN,NaN,NaN,NaN,NaN,NaN,NaN,NaN,NaN,0.02838,0.058368,0.09005,0.12356,0.15907,0.19673,0.23674,0.27931,0.32467,0.3731,0.4249,0.4804,0.54001,0.60415,0.67335,0.74819,0.82935,0.91762,1.0139,1.1194,1.2353,1.3632,1.5051,1.6631,1.8402,2.0399,2.2667,2.5262,2.826,3.176,3.5895,4.0852,4.6897,5.4428,6.4057,7.6794,9.441,12.034,16.223,24.125,44.551,219.87,NaN,NaN,NaN,NaN,NaN,NaN,NaN,NaN,NaN,NaN,NaN,NaN,NaN,NaN,NaN,NaN,NaN,NaN,NaN,NaN,NaN,NaN
0.55,NaN,NaN,NaN,NaN,NaN,NaN,NaN,NaN,NaN,NaN,NaN,NaN,NaN,NaN,NaN,NaN,NaN,NaN,NaN,NaN,NaN,NaN,NaN,NaN,NaN,NaN,NaN,NaN,NaN,NaN,NaN,NaN,NaN,NaN,NaN,NaN,NaN,0.027836,0.057188,0.088132,0.12079,0.15531,0.19183,0.23052,0.27157,0.3152,0.36162,0.41111,0.46395,0.52049,0.58109,0.64619,0.71627,0.7919,0.87374,0.96252,1.0591,1.1646,1.2802,1.4074,1.5478,1.7037,1.8776,2.0726,2.2929,2.5435,2.8309,3.1636,3.553,4.0147,4.5703,5.2511,6.1044,7.2041,8.6733,10.734,13.829,18.995,29.328,60.293,19489,NaN,NaN,NaN,NaN,NaN,NaN,NaN,NaN,NaN,NaN,NaN,NaN,NaN,NaN,NaN,NaN,NaN,NaN,NaN,NaN
0.56,NaN,NaN,NaN,NaN,NaN,NaN,NaN,NaN,NaN,NaN,NaN,NaN,NaN,NaN,NaN,NaN,NaN,NaN,NaN,NaN,NaN,NaN,NaN,NaN,NaN,NaN,NaN,NaN,NaN,NaN,NaN,NaN,NaN,NaN,NaN,NaN,NaN,0.027313,0.056056,0.086294,0.11814,0.15172,0.18716,0.22462,0.26426,0.30626,0.35082,0.39818,0.44858,0.50232,0.55971,0.62111,0.68694,0.75766,0.83382,0.91601,1.005,1.1015,1.2066,1.3214,1.4472,1.5857,1.7387,1.9087,2.0984,2.3114,2.5522,2.8264,3.1413,3.5065,3.9347,4.4435,5.0576,5.8128,6.7631,7.9953,9.6537,12.004,15.591,21.727,34.615,78.916,NaN,NaN,NaN,NaN,NaN,NaN,NaN,NaN,NaN,NaN,NaN,NaN,NaN,NaN,NaN,NaN,NaN,NaN,NaN
0.57,NaN,NaN,NaN,NaN,NaN,NaN,NaN,NaN,NaN,NaN,NaN,NaN,NaN,NaN,NaN,NaN,NaN,NaN,NaN,NaN,NaN,NaN,NaN,NaN,NaN,NaN,NaN,NaN,NaN,NaN,NaN,NaN,NaN,NaN,NaN,NaN,NaN,0.026808,0.054967,0.084531,0.1156,0.14829,0.18272,0.21901,0.25732,0.29781,0.34065,0.38604,0.4342,0.48538,0.53984,0.5979,0.6599,0.72624,0.79735,0.87375,0.95601,1.0448,1.1409,1.2452,1.3587,1.4827,1.6187,1.7683,1.9337,2.1174,2.3225,2.5529,2.8135,3.1104,3.4516,3.8475,4.3122,4.865,5.5331,6.3562,7.3949,8.7449,10.57,13.172,17.176,24.128,39.159,95.73,NaN,NaN,NaN,NaN,NaN,NaN,NaN,NaN,NaN,NaN,NaN,NaN,NaN,NaN,NaN,NaN,NaN
0.58,NaN,NaN,NaN,NaN,NaN,NaN,NaN,NaN,NaN,NaN,NaN,NaN,NaN,NaN,NaN,NaN,NaN,NaN,NaN,NaN,NaN,NaN,NaN,NaN,NaN,NaN,NaN,NaN,NaN,NaN,NaN,NaN,NaN,NaN,NaN,NaN,NaN,0.026323,0.05392,0.082839,0.11317,0.14501,0.17848,0.21368,0.25074,0.28981,0.33105,0.37461,0.4207,0.46952,0.52132,0.57634,0.63489,0.69729,0.76391,0.83516,0.91154,0.99356,1.0819,1.1771,1.2803,1.3921,1.5139,1.6468,1.7926,1.9529,2.1301,2.3269,2.5465,2.7932,3.0722,3.3899,3.755,4.1785,4.6756,5.2669,5.9813,6.8617,7.9722,9.4159,11.368,14.151,18.437,25.884,42.017,103.14,NaN,NaN,NaN,NaN,NaN,NaN,NaN,NaN,NaN,NaN,NaN,NaN,NaN,NaN,NaN
0.59,NaN,NaN,NaN,NaN,NaN,NaN,NaN,NaN,NaN,NaN,NaN,NaN,NaN,NaN,NaN,NaN,NaN,NaN,NaN,NaN,NaN,NaN,NaN,NaN,NaN,NaN,NaN,NaN,NaN,NaN,NaN,NaN,NaN,NaN,NaN,NaN,NaN,0.025854,0.052912,0.081213,0.11084,0.14188,0.17443,0.2086,0.24449,0.28224,0.32197,0.36384,0.40801,0.45467,0.50402,0.55628,0.61169,0.67054,0.73313,0.79981,0.87098,0.94706,1.0286,1.1161,1.2102,1.3118,1.4216,1.5407,1.6703,1.8117,1.9666,2.1369,2.3249,2.5337,2.7665,3.0278,3.3229,3.6588,4.0443,4.491,5.0146,5.6364,6.3865,7.3088,8.4693,9.9731,11.998,14.867,19.251,26.762,42.592,97.615,NaN,NaN,NaN,NaN,NaN,NaN,NaN,NaN,NaN,NaN,NaN,NaN,NaN
0.6,NaN,NaN,NaN,NaN,NaN,NaN,NaN,NaN,NaN,NaN,NaN,NaN,NaN,NaN,NaN,NaN,NaN,NaN,NaN,NaN,NaN,NaN,NaN,NaN,NaN,NaN,NaN,NaN,NaN,NaN,NaN,NaN,NaN,NaN,NaN,NaN,NaN,0.025399,0.051941,0.07965,0.1086,0.13888,0.17057,0.20375,0.23854,0.27504,0.31337,0.35367,0.39607,0.44073,0.48783,0.53756,0.59012,0.64575,0.70472,0.7673,0.83383,0.90467,0.98022,1.0609,1.1474,1.2401,1.3398,1.4473,1.5634,1.6892,1.8259,1.975,2.1382,2.3174,2.5151,2.7342,2.9784,3.2519,3.5604,3.9109,4.3124,4.7766,5.3193,5.9619,6.7345,7.6803,8.8643,10.389,12.424,15.276,19.557,26.694,40.967,83.705,NaN,NaN,NaN,NaN,NaN,NaN,NaN,NaN,NaN,NaN,NaN
0.61,NaN,NaN,NaN,NaN,NaN,NaN,NaN,NaN,NaN,NaN,NaN,NaN,NaN,NaN,NaN,NaN,NaN,NaN,NaN,NaN,NaN,NaN,NaN,NaN,NaN,NaN,NaN,NaN,NaN,NaN,NaN,NaN,NaN,NaN,NaN,NaN,NaN,0.024962,0.051005,0.078146,0.10645,0.136,0.16687,0.19913,0.23287,0.26821,0.30523,0.34405,0.3848,0.42761,0.47264,0.52004,0.57,0.62272,0.67841,0.73731,0.7997,0.86587,0.93616,1.0109,1.0906,1.1757,1.2668,1.3643,1.4691,1.582,1.7038,1.8356,1.9787,2.1345,2.3048,2.4916,2.6973,2.9249,3.178,3.4611,3.7796,4.1404,4.5526,5.0277,5.581,6.2333,7.0136,7.9629,9.1425,10.647,12.63,15.363,19.368,25.798,37.799,68.109,293.22,NaN,NaN,NaN,NaN,NaN,NaN,NaN,NaN
0.62,NaN,NaN,NaN,NaN,NaN,NaN,NaN,NaN,NaN,NaN,NaN,NaN,NaN,NaN,NaN,NaN,NaN,NaN,NaN,NaN,NaN,NaN,NaN,NaN,NaN,NaN,NaN,NaN,NaN,NaN,NaN,NaN,NaN,NaN,NaN,NaN,NaN,0.024541,0.050102,0.076698,0.10439,0.13324,0.16332,0.19471,0.22747,0.2617,0.29749,0.33493,0.37415,0.41525,0.45836,0.50363,0.55121,0.60126,0.65397,0.70955,0.76822,0.83023,0.89584,0.96538,1.0392,1.1176,1.2011,1.2902,1.3854,1.4873,1.5966,1.7142,1.8409,1.9779,2.1264,2.2878,2.4638,2.6566,2.8684,3.1023,3.3618,3.6511,3.9757,4.3423,4.7595,5.2383,5.7932,6.4436,7.2167,8.1497,9.2978,10.744,12.622,15.157,18.765,24.306,33.897,54.517,130.85,NaN,NaN,NaN,NaN,NaN,NaN
0.63,NaN,NaN,NaN,NaN,NaN,NaN,NaN,NaN,NaN,NaN,NaN,NaN,NaN,NaN,NaN,NaN,NaN,NaN,NaN,NaN,NaN,NaN,NaN,NaN,NaN,NaN,NaN,NaN,NaN,NaN,NaN,NaN,NaN,NaN,NaN,NaN,NaN,0.024133,0.04923,0.075302,0.1024,0.13059,0.15993,0.19048,0.22231,0.2555,0.29013,0.32629,0.36407,0.40357,0.44491,0.48821,0.5336,0.58122,0.63122,0.68379,0.7391,0.79737,0.85882,0.92371,0.99231,1.0649,1.1419,1.2237,1.3106,1.4032,1.502,1.6076,1.7208,1.8423,1.9731,2.1142,2.2668,2.4325,2.6127,2.8096,3.0256,3.2633,3.5262,3.8184,4.1451,4.5125,4.9288,5.404,5.9516,6.5892,7.341,8.2399,9.3334,10.692,12.425,14.709,17.859,22.477,29.896,43.774,78.994,347.92,NaN,NaN,NaN
0.64,NaN,NaN,NaN,NaN,NaN,NaN,NaN,NaN,NaN,NaN,NaN,NaN,NaN,NaN,NaN,NaN,NaN,NaN,NaN,NaN,NaN,NaN,NaN,NaN,NaN,NaN,NaN,NaN,NaN,NaN,NaN,NaN,NaN,NaN,NaN,NaN,NaN,0.023739,0.048388,0.073956,0.10049,0.12804,0.15667,0.18643,0.21738,0.24959,0.28313,0.31808,0.35452,0.39254,0.43223,0.47371,0.51708,0.56246,0.60999,0.65982,0.71209,0.76699,0.82471,0.88544,0.94942,1.0169,1.0882,1.1635,1.2433,1.3279,1.4178,1.5133,1.6151,1.7238,1.8401,1.9647,2.0985,2.2426,2.3981,2.5665,2.7493,2.9485,3.1663,3.4052,3.6686,3.9603,4.285,4.6485,5.0581,5.523,6.0552,6.6702,7.3886,8.2387,9.26,10.51,12.073,14.084,16.769,20.529,26.17,35.573,54.367,110.62,27032
0.65,NaN,NaN,NaN,NaN,NaN,NaN,NaN,NaN,NaN,NaN,NaN,NaN,NaN,NaN,NaN,NaN,NaN,NaN,NaN,NaN,NaN,NaN,NaN,NaN,NaN,NaN,NaN,NaN,NaN,NaN,NaN,NaN,NaN,NaN,NaN,NaN,NaN,0.023357,0.047575,0.072657,0.098648,0.12559,0.15354,0.18255,0.21266,0.24394,0.27646,0.31027,0.34545,0.38208,0.42025,0.46003,0.50154,0.54487,0.59013,0.63745,0.68697,0.73882,0.79317,0.85018,0.91005,0.97298,1.0392,1.109,1.1825,1.2602,1.3423,1.4293,1.5215,1.6194,1.7235,1.8345,1.953,2.0797,2.2155,2.3614,2.5185,2.6881,2.8717,3.0712,3.2886,3.5263,3.7872,4.075,4.3938,4.7489,5.1467,5.5954,6.1052,6.6895,7.3654,8.1562,9.0938,10.223,11.608,13.347,15.595,18.612,22.873,29.344,40.346
0.66,NaN,NaN,NaN,NaN,NaN,NaN,NaN,NaN,NaN,NaN,NaN,NaN,NaN,NaN,NaN,NaN,NaN,NaN,NaN,NaN,NaN,NaN,NaN,NaN,NaN,NaN,NaN,NaN,NaN,NaN,NaN,NaN,NaN,NaN,NaN,NaN,NaN,0.022987,0.046788,0.071404,0.096872,0.12324,0.15054,0.17883,0.20814,0.23855,0.27009,0.30283,0.33684,0.37217,0.40891,0.44712,0.4869,0.52833,0.57151,0.61655,0.66354,0.71263,0.76393,0.8176,0.87378,0.93265,0.99439,1.0592,1.1273,1.199,1.2744,1.354,1.4379,1.5267,1.6207,1.7203,1.826,1.9384,2.0582,2.186,2.3227,2.4691,2.6264,2.7957,2.9785,3.1763,3.3911,3.6251,3.8809,4.1617,4.4712,4.814,5.1958,5.6233,6.1053,6.6528,7.2799,8.0052,8.8535,9.8586,11.068,12.551,14.412,16.815,20.036
0.67,NaN,NaN,NaN,NaN,NaN,NaN,NaN,NaN,NaN,NaN,NaN,NaN,NaN,NaN,NaN,NaN,NaN,NaN,NaN,NaN,NaN,NaN,NaN,NaN,NaN,NaN,NaN,NaN,NaN,NaN,NaN,NaN,NaN,NaN,NaN,NaN,NaN,0.022629,0.046028,0.070192,0.095159,0.12096,0.14765,0.17525,0.20381,0.23339,0.26401,0.29575,0.32864,0.36276,0.39816,0.43491,0.47309,0.51277,0.55403,0.59696,0.64165,0.68821,0.73675,0.78739,0.84026,0.89549,0.95324,1.0137,1.077,1.1433,1.2129,1.2861,1.363,1.4439,1.5292,1.6192,1.7142,1.8148,1.9214,2.0344,2.1546,2.2825,2.4189,2.5647,2.7208,2.8884,3.0686,3.263,3.4733,3.7014,3.9496,4.2208,4.5181,4.8454,5.2076,5.6103,6.0607,6.5678,7.1427,7.7998,8.5581,9.4427,10.488,11.741,13.27
0.68,NaN,NaN,NaN,NaN,NaN,NaN,NaN,NaN,NaN,NaN,NaN,NaN,NaN,NaN,NaN,NaN,NaN,NaN,NaN,NaN,NaN,NaN,NaN,NaN,NaN,NaN,NaN,NaN,NaN,NaN,NaN,NaN,NaN,NaN,NaN,NaN,NaN,0.022282,0.045291,0.069021,0.093506,0.11878,0.14487,0.17182,0.19966,0.22844,0.2582,0.28898,0.32083,0.35381,0.38796,0.42335,0.46004,0.49809,0.53757,0.57856,0.62115,0.6654,0.71143,0.75932,0.80919,0.86115,0.91532,0.97185,1.0309,1.0925,1.157,1.2246,1.2953,1.3695,1.4473,1.5291,1.6152,1.7058,1.8013,1.9022,2.0088,2.1216,2.2413,2.3683,2.5034,2.6473,2.801,2.9654,3.1416,3.331,3.535,3.7553,3.9939,4.2533,4.5361,4.8456,5.1858,5.5613,5.9779,6.4426,6.9644,7.5539,8.2255,8.9972,9.8931
0.69,NaN,NaN,NaN,NaN,NaN,NaN,NaN,NaN,NaN,NaN,NaN,NaN,NaN,NaN,NaN,NaN,NaN,NaN,NaN,NaN,NaN,NaN,NaN,NaN,NaN,NaN,NaN,NaN,NaN,NaN,NaN,NaN,NaN,NaN,NaN,NaN,NaN,0.021945,0.044578,0.067889,0.091908,0.11666,0.14219,0.16851,0.19567,0.2237,0.25264,0.28252,0.31339,0.34529,0.37827,0.41238,0.44768,0.48422,0.52206,0.56126,0.6019,0.64404,0.68777,0.73316,0.78031,0.82931,0.88027,0.9333,0.9885,1.046,1.106,1.1686,1.2339,1.3022,1.3736,1.4484,1.5267,1.6089,1.6951,1.7858,1.8811,1.9815,2.0874,2.1993,2.3175,2.4427,2.5755,2.7166,2.8667,3.0267,3.1976,3.3805,3.5767,3.7877,4.0152,4.2611,4.5278,4.8178,5.1345,5.4816,5.8636,6.2859,6.7554,7.2802,7.8706
0.7,NaN,NaN,NaN,NaN,NaN,NaN,NaN,NaN,NaN,NaN,NaN,NaN,NaN,NaN,NaN,NaN,NaN,NaN,NaN,NaN,NaN,NaN,NaN,NaN,NaN,NaN,NaN,NaN,NaN,NaN,NaN,NaN,NaN,NaN,NaN,NaN,NaN,0.021618,0.043886,0.066793,0.090365,0.11463,0.13961,0.16534,0.19184,0.21915,0.24731,0.27633,0.30628,0.33717,0.36905,0.40197,0.43597,0.4711,0.50741,0.54496,0.5838,0.624,0.66562,0.70873,0.7534,0.79972,0.84778,0.89765,0.94945,1.0033,1.0592,1.1174,1.178,1.2412,1.307,1.3756,1.4473,1.5222,1.6006,1.6825,1.7684,1.8585,1.953,2.0524,2.1569,2.2669,2.383,2.5055,2.6351,2.7723,2.9179,3.0724,3.2369,3.4123,3.5996,3.8001,4.0152,4.2466,4.4961,4.7658,5.0584,5.3767,5.7244,6.1055,6.5253
0.71,NaN,NaN,NaN,NaN,NaN,NaN,NaN,NaN,NaN,NaN,NaN,NaN,NaN,NaN,NaN,NaN,NaN,NaN,NaN,NaN,NaN,NaN,NaN,NaN,NaN,NaN,NaN,NaN,NaN,NaN,NaN,NaN,NaN,NaN,NaN,NaN,NaN,0.021301,0.043216,0.065732,0.088872,0.11266,0.13712,0.16228,0.18816,0.21479,0.2422,0.27042,0.29948,0.32942,0.36027,0.39207,0.42485,0.45867,0.49356,0.52957,0.56675,0.60516,0.64484,0.68586,0.72827,0.77215,0.81757,0.8646,0.91332,0.96382,1.0162,1.0705,1.1269,1.1855,1.2464,1.3097,1.3757,1.4443,1.5158,1.5904,1.6683,1.7496,1.8346,1.9235,2.0166,2.1143,2.2167,2.3244,2.4375,2.5567,2.6822,2.8148,2.9549,3.1032,3.2605,3.4274,3.605,3.7942,3.9962,4.2124,4.4442,4.6934,4.9619,5.2521,5.5666
0.72,NaN,NaN,NaN,NaN,NaN,NaN,NaN,NaN,NaN,NaN,NaN,NaN,NaN,NaN,NaN,NaN,NaN,NaN,NaN,NaN,NaN,NaN,NaN,NaN,NaN,NaN,NaN,NaN,NaN,NaN,NaN,NaN,NaN,NaN,NaN,NaN,NaN,0.020993,0.042566,0.064704,0.087428,0.11076,0.13472,0.15933,0.18461,0.21059,0.23729,0.26475,0.29298,0.32202,0.35189,0.38264,0.41428,0.44687,0.48044,0.51502,0.55067,0.58741,0.62531,0.6644,0.70475,0.7464,0.78942,0.83387,0.87981,0.92732,0.97647,1.0273,1.08,1.1346,1.1911,1.2498,1.3106,1.3738,1.4395,1.5077,1.5786,1.6525,1.7294,1.8096,1.8932,1.9805,2.0718,2.1671,2.267,2.3715,2.4812,2.5963,2.7172,2.8445,2.9786,3.12,3.2693,3.4272,3.5945,3.772,3.9605,4.1613,4.3754,4.6043,4.8494
0.73,NaN,NaN,NaN,NaN,NaN,NaN,NaN,NaN,NaN,NaN,NaN,NaN,NaN,NaN,NaN,NaN,NaN,NaN,NaN,NaN,NaN,NaN,NaN,NaN,NaN,NaN,NaN,NaN,NaN,NaN,NaN,NaN,NaN,NaN,NaN,NaN,NaN,0.020694,0.041935,0.063708,0.08603,0.10892,0.1324,0.15648,0.18119,0.20655,0.23259,0.25931,0.28675,0.31494,0.34389,0.37365,0.40423,0.43566,0.468,0.50125,0.53546,0.57067,0.60692,0.64424,0.68269,0.7223,0.76313,0.80523,0.84865,0.89346,0.9397,0.98745,1.0368,1.0878,1.1405,1.195,1.2514,1.3098,1.3703,1.433,1.498,1.5655,1.6355,1.7082,1.7838,1.8624,1.9442,2.0295,2.1183,2.2109,2.3076,2.4086,2.5143,2.6249,2.7407,2.8622,2.9897,3.1237,3.2648,3.4133,3.57,3.7356,3.9107,4.0962,4.293
0.74,NaN,NaN,NaN,NaN,NaN,NaN,NaN,NaN,NaN,NaN,NaN,NaN,NaN,NaN,NaN,NaN,NaN,NaN,NaN,NaN,NaN,NaN,NaN,NaN,NaN,NaN,NaN,NaN,NaN,NaN,NaN,NaN,NaN,NaN,NaN,NaN,NaN,0.020404,0.041323,0.062742,0.084676,0.10714,0.13016,0.15374,0.1779,0.20267,0.22806,0.25409,0.28078,0.30816,0.33625,0.36507,0.39464,0.425,0.45618,0.48819,0.52107,0.55485,0.58957,0.62525,0.66195,0.69969,0.73852,0.77847,0.8196,0.86195,0.90557,0.95052,0.99685,1.0446,1.0939,1.1447,1.1972,1.2514,1.3074,1.3653,1.4251,1.487,1.551,1.6174,1.6861,1.7574,1.8312,1.9079,1.9876,2.0703,2.1563,2.2458,2.339,2.4361,2.5373,2.643,2.7533,2.8687,2.9893,3.1157,3.2483,3.3873,3.5334,3.6871,3.849
0.75,NaN,NaN,NaN,NaN,NaN,NaN,NaN,NaN,NaN,NaN,NaN,NaN,NaN,NaN,NaN,NaN,NaN,NaN,NaN,NaN,NaN,NaN,NaN,NaN,NaN,NaN,NaN,NaN,NaN,NaN,NaN,NaN,NaN,NaN,NaN,NaN,NaN,0.020121,0.040728,0.061804,0.083364,0.10542,0.12799,0.15109,0.17473,0.19893,0.22371,0.24908,0.27506,0.30167,0.32894,0.35687,0.3855,0.41485,0.44493,0.47578,0.50742,0.53988,0.57318,0.60735,0.64243,0.67844,0.71542,0.75342,0.79245,0.83257,0.87381,0.91622,0.95984,1.0047,1.0509,1.0985,1.1474,1.1979,1.2499,1.3035,1.3588,1.4159,1.4748,1.5356,1.5984,1.6633,1.7304,1.7999,1.8717,1.9462,2.0233,2.1032,2.1861,2.2721,2.3615,2.4543,2.5509,2.6513,2.7559,2.865,2.9786,3.0973,3.2213,3.3509,3.4866
0.76,NaN,NaN,NaN,NaN,NaN,NaN,NaN,NaN,NaN,NaN,NaN,NaN,NaN,NaN,NaN,NaN,NaN,NaN,NaN,NaN,NaN,NaN,NaN,NaN,NaN,NaN,NaN,NaN,NaN,NaN,NaN,NaN,NaN,NaN,NaN,NaN,NaN,0.019846,0.04015,0.060895,0.082092,0.10375,0.12589,0.14853,0.17167,0.19532,0.21952,0.24426,0.26956,0.29545,0.32194,0.34904,0.37677,0.40516,0.43423,0.46399,0.49447,0.52568,0.55766,0.59043,0.62401,0.65843,0.69372,0.72991,0.76702,0.8051,0.84417,0.88427,0.92544,0.96772,1.0111,1.0558,1.1016,1.1487,1.1972,1.2471,1.2984,1.3512,1.4055,1.4615,1.5192,1.5787,1.64,1.7032,1.7685,1.8358,1.9054,1.9773,2.0516,2.1285,2.208,2.2903,2.3756,2.464,2.5557,2.6508,2.7495,2.8521,2.9588,3.0698,3.1853
0.77,NaN,NaN,NaN,NaN,NaN,NaN,NaN,NaN,NaN,NaN,NaN,NaN,NaN,NaN,NaN,NaN,NaN,NaN,NaN,NaN,NaN,NaN,NaN,NaN,NaN,NaN,NaN,NaN,NaN,NaN,NaN,NaN,NaN,NaN,NaN,NaN,NaN,0.019578,0.039589,0.060012,0.080858,0.10214,0.12387,0.14605,0.16871,0.19185,0.21548,0.23962,0.26428,0.28948,0.31522,0.34154,0.36843,0.39592,0.42403,0.45277,0.48216,0.51222,0.54296,0.57442,0.60661,0.63956,0.67328,0.70781,0.74316,0.77937,0.81646,0.85446,0.8934,0.93332,0.97424,1.0162,1.0592,1.1034,1.1487,1.1952,1.243,1.292,1.3424,1.3942,1.4474,1.5021,1.5583,1.6162,1.6758,1.7371,1.8003,1.8654,1.9324,2.0016,2.0729,2.1465,2.2225,2.3009,2.382,2.4658,2.5525,2.6422,2.7351,2.8313,2.931
0.78,NaN,NaN,NaN,NaN,NaN,NaN,NaN,NaN,NaN,NaN,NaN,NaN,NaN,NaN,NaN,NaN,NaN,NaN,NaN,NaN,NaN,NaN,NaN,NaN,NaN,NaN,NaN,NaN,NaN,NaN,NaN,NaN,NaN,NaN,NaN,NaN,NaN,0.019318,0.039043,0.059154,0.079661,0.10057,0.1219,0.14366,0.16585,0.18849,0.21159,0.23515,0.2592,0.28374,0.30879,0.33435,0.36045,0.38709,0.41429,0.44207,0.47044,0.49942,0.52902,0.55926,0.59016,0.62173,0.65401,0.687,0.72073,0.75522,0.79049,0.82657,0.86348,0.90125,0.93991,0.97947,1.02,1.0615,1.1039,1.1475,1.1921,1.2378,1.2846,1.3326,1.3819,1.4325,1.4843,1.5375,1.5922,1.6483,1.706,1.7652,1.8261,1.8887,1.9531,2.0193,2.0875,2.1577,2.23,2.3045,2.3813,2.4605,2.5422,2.6265,2.7136
0.79,NaN,NaN,NaN,NaN,NaN,NaN,NaN,NaN,NaN,NaN,NaN,NaN,NaN,NaN,NaN,NaN,NaN,NaN,NaN,NaN,NaN,NaN,NaN,NaN,NaN,NaN,NaN,NaN,NaN,NaN,NaN,NaN,NaN,NaN,NaN,NaN,NaN,0.019064,0.038511,0.05832,0.078499,0.099056,0.12,0.14134,0.16309,0.18525,0.20783,0.23085,0.25431,0.27823,0.30261,0.32746,0.3528,0.37864,0.40499,0.43186,0.45928,0.48724,0.51576,0.54486,0.57456,0.60486,0.63579,0.66737,0.6996,0.7325,0.76611,0.80043,0.83548,0.87129,0.90788,0.94527,0.98348,1.0225,1.0625,1.1033,1.1451,1.1878,1.2315,1.2763,1.322,1.3689,1.4169,1.466,1.5164,1.568,1.6209,1.6751,1.7306,1.7876,1.8461,1.9061,1.9677,2.031,2.0959,2.1627,2.2313,2.3018,2.3743,2.4489,2.5256
0.8,NaN,NaN,NaN,NaN,NaN,NaN,NaN,NaN,NaN,NaN,NaN,NaN,NaN,NaN,NaN,NaN,NaN,NaN,NaN,NaN,NaN,NaN,NaN,NaN,NaN,NaN,NaN,NaN,NaN,NaN,NaN,NaN,NaN,NaN,NaN,NaN,NaN,0.018817,0.037994,0.057509,0.07737,0.097583,0.11816,0.1391,0.16042,0.18212,0.20421,0.2267,0.2496,0.27292,0.29667,0.32085,0.34547,0.37055,0.3961,0.42212,0.44862,0.47563,0.50315,0.53119,0.55976,0.58888,0.61856,0.64881,0.67966,0.7111,0.74317,0.77587,0.80922,0.84324,0.87794,0.91335,0.94948,0.98635,1.024,1.0624,1.1016,1.1417,1.1826,1.2244,1.2671,1.3107,1.3552,1.4008,1.4474,1.495,1.5437,1.5935,1.6445,1.6967,1.7501,1.8047,1.8607,1.918,1.9768,2.0369,2.0986,2.1619,2.2267,2.2933,2.3615
0.81,NaN,NaN,NaN,NaN,NaN,NaN,NaN,NaN,NaN,NaN,NaN,NaN,NaN,NaN,NaN,NaN,NaN,NaN,NaN,NaN,NaN,NaN,NaN,NaN,NaN,NaN,NaN,NaN,NaN,NaN,NaN,NaN,NaN,NaN,NaN,NaN,NaN,0.018577,0.037491,0.056721,0.076273,0.096154,0.11637,0.13692,0.15783,0.17909,0.20071,0.2227,0.24507,0.26782,0.29096,0.31449,0.33844,0.3628,0.38758,0.4128,0.43845,0.46457,0.49114,0.51818,0.5457,0.57371,0.60223,0.63126,0.66081,0.69091,0.72155,0.75276,0.78454,0.81691,0.84989,0.88349,0.91772,0.9526,0.98814,1.0244,1.0613,1.0989,1.1373,1.1765,1.2164,1.2571,1.2987,1.341,1.3843,1.4284,1.4735,1.5195,1.5664,1.6144,1.6633,1.7134,1.7645,1.8168,1.8702,1.9248,1.9806,2.0377,2.0961,2.1559,2.2171
0.82,NaN,NaN,NaN,NaN,NaN,NaN,NaN,NaN,NaN,NaN,NaN,NaN,NaN,NaN,NaN,NaN,NaN,NaN,NaN,NaN,NaN,NaN,NaN,NaN,NaN,NaN,NaN,NaN,NaN,NaN,NaN,NaN,NaN,NaN,NaN,NaN,NaN,0.018342,0.037001,0.055954,0.075207,0.094765,0.11463,0.13482,0.15533,0.17616,0.19733,0.21884,0.24069,0.2629,0.28546,0.30839,0.33169,0.35536,0.37942,0.40388,0.42873,0.454,0.47968,0.50579,0.53232,0.5593,0.58673,0.61462,0.64298,0.67182,0.70114,0.73097,0.76131,0.79217,0.82356,0.85549,0.88799,0.92105,0.95469,0.98894,1.0238,1.0593,1.0954,1.1321,1.1696,1.2077,1.2465,1.2861,1.3264,1.3674,1.4092,1.4518,1.4953,1.5395,1.5847,1.6307,1.6776,1.7255,1.7743,1.8241,1.8749,1.9268,1.9797,2.0338,2.0889
0.83,NaN,NaN,NaN,NaN,NaN,NaN,NaN,NaN,NaN,NaN,NaN,NaN,NaN,NaN,NaN,NaN,NaN,NaN,NaN,NaN,NaN,NaN,NaN,NaN,NaN,NaN,NaN,NaN,NaN,NaN,NaN,NaN,NaN,NaN,NaN,NaN,NaN,0.018113,0.036523,0.055207,0.07417,0.093416,0.11295,0.13278,0.1529,0.17333,0.19406,0.21511,0.23647,0.25815,0.28017,0.30251,0.3252,0.34822,0.3716,0.39534,0.41943,0.4439,0.46874,0.49397,0.51958,0.54559,0.57201,0.59883,0.62607,0.65374,0.68185,0.7104,0.7394,0.76886,0.79879,0.8292,0.8601,0.8915,0.92341,0.95584,0.9888,1.0223,1.0564,1.091,1.1262,1.162,1.1984,1.2354,1.273,1.3113,1.3503,1.3899,1.4302,1.4712,1.513,1.5555,1.5987,1.6428,1.6876,1.7333,1.7797,1.8271,1.8753,1.9245,1.9745
0.84,NaN,NaN,NaN,NaN,NaN,NaN,NaN,NaN,NaN,NaN,NaN,NaN,NaN,NaN,NaN,NaN,NaN,NaN,NaN,NaN,NaN,NaN,NaN,NaN,NaN,NaN,NaN,NaN,NaN,NaN,NaN,NaN,NaN,NaN,NaN,NaN,NaN,0.01789,0.036058,0.05448,0.073161,0.092105,0.11131,0.13079,0.15055,0.17058,0.1909,0.2115,0.23239,0.25358,0.27507,0.29686,0.31895,0.34137,0.36409,0.38715,0.41053,0.43424,0.45829,0.48269,0.50743,0.53253,0.558,0.58382,0.61003,0.63661,0.66358,0.69094,0.7187,0.74687,0.77546,0.80446,0.8339,0.86377,0.89409,0.92486,0.9561,0.98781,1.02,1.0527,1.0858,1.1195,1.1537,1.1885,1.2238,1.2596,1.296,1.3329,1.3705,1.4086,1.4474,1.4868,1.5268,1.5675,1.6088,1.6509,1.6936,1.737,1.7812,1.8261,1.8718
0.85,NaN,NaN,NaN,NaN,NaN,NaN,NaN,NaN,NaN,NaN,NaN,NaN,NaN,NaN,NaN,NaN,NaN,NaN,NaN,NaN,NaN,NaN,NaN,NaN,NaN,NaN,NaN,NaN,NaN,NaN,NaN,NaN,NaN,NaN,NaN,NaN,NaN,0.017672,0.035604,0.053772,0.07218,0.09083,0.10973,0.12887,0.14827,0.16792,0.18784,0.20801,0.22845,0.24916,0.27015,0.29141,0.31295,0.33477,0.35688,0.37929,0.40199,0.42499,0.44829,0.47191,0.49584,0.52008,0.54465,0.56955,0.59478,0.62034,0.64625,0.67251,0.69913,0.7261,0.75343,0.78114,0.80923,0.8377,0.86655,0.89581,0.92547,0.95553,0.98602,1.0169,1.0483,1.08,1.1123,1.1449,1.1781,1.2117,1.2458,1.2804,1.3155,1.3511,1.3872,1.4238,1.461,1.4987,1.537,1.5758,1.6153,1.6553,1.6959,1.7372,1.779
0.86,NaN,NaN,NaN,NaN,NaN,NaN,NaN,NaN,NaN,NaN,NaN,NaN,NaN,NaN,NaN,NaN,NaN,NaN,NaN,NaN,NaN,NaN,NaN,NaN,NaN,NaN,NaN,NaN,NaN,NaN,NaN,NaN,NaN,NaN,NaN,NaN,NaN,0.01746,0.035162,0.053082,0.071224,0.08959,0.10818,0.127,0.14606,0.16535,0.18487,0.20464,0.22465,0.2449,0.2654,0.28615,0.30716,0.32843,0.34995,0.37174,0.39379,0.41612,0.43872,0.4616,0.48475,0.5082,0.53193,0.55595,0.58027,0.60488,0.6298,0.65503,0.68058,0.70644,0.73262,0.75912,0.78596,0.81313,0.84065,0.8685,0.89671,0.92528,0.95421,0.9835,1.0132,1.0432,1.0736,1.1045,1.1357,1.1673,1.1993,1.2318,1.2646,1.2979,1.3317,1.3659,1.4005,1.4356,1.4712,1.5072,1.5437,1.5808,1.6183,1.6563,1.6949
0.87,NaN,NaN,NaN,NaN,NaN,NaN,NaN,NaN,NaN,NaN,NaN,NaN,NaN,NaN,NaN,NaN,NaN,NaN,NaN,NaN,NaN,NaN,NaN,NaN,NaN,NaN,NaN,NaN,NaN,NaN,NaN,NaN,NaN,NaN,NaN,NaN,NaN,0.017253,0.03473,0.05241,0.070293,0.088383,0.10668,0.12519,0.14391,0.16285,0.182,0.20137,0.22096,0.24078,0.26082,0.28109,0.30158,0.32232,0.34328,0.36448,0.38593,0.40761,0.42954,0.45172,0.47415,0.49684,0.51978,0.54298,0.56644,0.59017,0.61416,0.63843,0.66298,0.6878,0.71291,0.7383,0.76398,0.78995,0.81622,0.8428,0.86967,0.89686,0.92436,0.95217,0.98031,1.0088,1.0376,1.0667,1.0962,1.126,1.1561,1.1867,1.2175,1.2488,1.2804,1.3124,1.3448,1.3775,1.4107,1.4442,1.4782,1.5126,1.5473,1.5826,1.6182
0.88,NaN,NaN,NaN,NaN,NaN,NaN,NaN,NaN,NaN,NaN,NaN,NaN,NaN,NaN,NaN,NaN,NaN,NaN,NaN,NaN,NaN,NaN,NaN,NaN,NaN,NaN,NaN,NaN,NaN,NaN,NaN,NaN,NaN,NaN,NaN,NaN,NaN,0.01705,0.034309,0.051754,0.069387,0.087209,0.10522,0.12343,0.14183,0.16042,0.17921,0.19821,0.2174,0.23679,0.25639,0.27619,0.29621,0.31643,0.33686,0.35751,0.37837,0.39945,0.42074,0.44226,0.46401,0.48597,0.50817,0.53059,0.55325,0.57615,0.59928,0.62265,0.64626,0.67012,0.69422,0.71858,0.74318,0.76805,0.79317,0.81855,0.8442,0.87011,0.8963,0.92276,0.94949,0.97651,1.0038,1.0314,1.0593,1.0874,1.1159,1.1447,1.1738,1.2032,1.2329,1.2629,1.2932,1.3239,1.3549,1.3862,1.4179,1.4499,1.4823,1.515,1.548
0.89,NaN,NaN,NaN,NaN,NaN,NaN,NaN,NaN,NaN,NaN,NaN,NaN,NaN,NaN,NaN,NaN,NaN,NaN,NaN,NaN,NaN,NaN,NaN,NaN,NaN,NaN,NaN,NaN,NaN,NaN,NaN,NaN,NaN,NaN,NaN,NaN,NaN,0.016852,0.033898,0.051115,0.068503,0.086065,0.1038,0.12171,0.1398,0.15807,0.17651,0.19514,0.21395,0.23294,0.25211,0.27147,0.29102,0.31075,0.33068,0.35079,0.3711,0.3916,0.41229,0.43318,0.45428,0.47557,0.49706,0.51876,0.54066,0.56277,0.58509,0.60762,0.63036,0.65331,0.67648,0.69987,0.72348,0.74731,0.77136,0.79565,0.82016,0.8449,0.86987,0.89508,0.92053,0.94622,0.97215,0.99833,1.0248,1.0514,1.0784,1.1055,1.133,1.1607,1.1887,1.2169,1.2454,1.2742,1.3033,1.3326,1.3622,1.3921,1.4223,1.4528,1.4836
0.9,NaN,NaN,NaN,NaN,NaN,NaN,NaN,NaN,NaN,NaN,NaN,NaN,NaN,NaN,NaN,NaN,NaN,NaN,NaN,NaN,NaN,NaN,NaN,NaN,NaN,NaN,NaN,NaN,NaN,NaN,NaN,NaN,NaN,NaN,NaN,NaN,NaN,0.016659,0.033497,0.050491,0.067642,0.08495,0.10242,0.12004,0.13783,0.15578,0.17389,0.19216,0.2106,0.2292,0.24797,0.2669,0.286,0.30527,0.32471,0.34432,0.3641,0.38405,0.40417,0.42447,0.44495,0.4656,0.48643,0.50744,0.52863,0.55,0.57155,0.59329,0.61521,0.63732,0.65962,0.6821,0.70478,0.72765,0.75072,0.77398,0.79743,0.82109,0.84495,0.869,0.89327,0.91773,0.94241,0.96729,0.99239,1.0177,1.0432,1.069,1.0949,1.1211,1.1475,1.1741,1.201,1.2281,1.2554,1.2829,1.3107,1.3387,1.367,1.3955,1.4242
0.91,NaN,NaN,NaN,NaN,NaN,NaN,NaN,NaN,NaN,NaN,NaN,NaN,NaN,NaN,NaN,NaN,NaN,NaN,NaN,NaN,NaN,NaN,NaN,NaN,NaN,NaN,NaN,NaN,NaN,NaN,NaN,NaN,NaN,NaN,NaN,NaN,NaN,0.01647,0.033105,0.049882,0.066802,0.083865,0.10107,0.11842,0.13592,0.15356,0.17135,0.18928,0.20736,0.22559,0.24396,0.26249,0.28116,0.29999,0.31896,0.33808,0.35736,0.37679,0.39637,0.4161,0.43599,0.45604,0.47624,0.4966,0.51711,0.53779,0.55862,0.57962,0.60077,0.62209,0.64357,0.66521,0.68702,0.70899,0.73113,0.75344,0.77592,0.79857,0.82139,0.84439,0.86755,0.89089,0.91441,0.9381,0.96198,0.98603,1.0103,1.0347,1.0593,1.0841,1.109,1.1342,1.1596,1.1851,1.2108,1.2368,1.2629,1.2892,1.3157,1.3424,1.3694
0.92,NaN,NaN,NaN,NaN,NaN,NaN,NaN,NaN,NaN,NaN,NaN,NaN,NaN,NaN,NaN,NaN,NaN,NaN,NaN,NaN,NaN,NaN,NaN,NaN,NaN,NaN,NaN,NaN,NaN,NaN,NaN,NaN,NaN,NaN,NaN,NaN,NaN,0.016285,0.032722,0.049288,0.065983,0.082806,0.09976,0.11684,0.13406,0.1514,0.16888,0.18648,0.20422,0.22209,0.24009,0.25822,0.27648,0.29488,0.31341,0.33207,0.35086,0.36979,0.38886,0.40806,0.42739,0.44686,0.46647,0.48621,0.50609,0.52611,0.54626,0.56655,0.58699,0.60756,0.62827,0.64913,0.67012,0.69126,0.71254,0.73396,0.75553,0.77724,0.7991,0.82111,0.84326,0.86556,0.88801,0.91061,0.93335,0.95625,0.9793,1.0025,1.0259,1.0494,1.073,1.0969,1.1209,1.145,1.1693,1.1938,1.2184,1.2432,1.2681,1.2932,1.3185
0.93,NaN,NaN,NaN,NaN,NaN,NaN,NaN,NaN,NaN,NaN,NaN,NaN,NaN,NaN,NaN,NaN,NaN,NaN,NaN,NaN,NaN,NaN,NaN,NaN,NaN,NaN,NaN,NaN,NaN,NaN,NaN,NaN,NaN,NaN,NaN,NaN,NaN,0.016105,0.032348,0.048708,0.065183,0.081774,0.098482,0.11531,0.13224,0.1493,0.16647,0.18376,0.20117,0.21869,0.23633,0.25408,0.27195,0.28994,0.30804,0.32626,0.3446,0.36305,0.38162,0.40031,0.41912,0.43804,0.45708,0.47624,0.49552,0.51492,0.53443,0.55407,0.57382,0.59369,0.61368,0.6338,0.65403,0.67438,0.69486,0.71545,0.73617,0.75701,0.77798,0.79907,0.82028,0.84161,0.86307,0.88465,0.90636,0.9282,0.95016,0.97225,0.99447,1.0168,1.0393,1.0619,1.0846,1.1075,1.1305,1.1536,1.1769,1.2003,1.2238,1.2474,1.2712
0.94,NaN,NaN,NaN,NaN,NaN,NaN,NaN,NaN,NaN,NaN,NaN,NaN,NaN,NaN,NaN,NaN,NaN,NaN,NaN,NaN,NaN,NaN,NaN,NaN,NaN,NaN,NaN,NaN,NaN,NaN,NaN,NaN,NaN,NaN,NaN,NaN,NaN,0.015928,0.031983,0.048141,0.064403,0.080768,0.097236,0.11381,0.13048,0.14726,0.16414,0.18112,0.19821,0.2154,0.23268,0.25008,0.26757,0.28516,0.30286,0.32066,0.33855,0.35655,0.37465,0.39286,0.41116,0.42956,0.44807,0.46668,0.48538,0.50419,0.5231,0.54211,0.56122,0.58044,0.59975,0.61917,0.63868,0.6583,0.67802,0.69785,0.71777,0.7378,0.75793,0.77816,0.7985,0.81894,0.83948,0.86012,0.88087,0.90173,0.92268,0.94374,0.96491,0.98618,1.0076,1.029,1.0506,1.0723,1.0941,1.116,1.138,1.1602,1.1824,1.2047,1.2272
0.95,NaN,NaN,NaN,NaN,NaN,NaN,NaN,NaN,NaN,NaN,NaN,NaN,NaN,NaN,NaN,NaN,NaN,NaN,NaN,NaN,NaN,NaN,NaN,NaN,NaN,NaN,NaN,NaN,NaN,NaN,NaN,NaN,NaN,NaN,NaN,NaN,NaN,0.015755,0.031625,0.047587,0.063641,0.079786,0.096022,0.11235,0.12876,0.14527,0.16187,0.17856,0.19533,0.2122,0.22915,0.24619,0.26332,0.28054,0.29785,0.31524,0.33272,0.35028,0.36793,0.38567,0.40349,0.4214,0.4394,0.45748,0.47565,0.4939,0.51224,0.53066,0.54916,0.56776,0.58643,0.60519,0.62404,0.64297,0.66198,0.68108,0.70026,0.71953,0.73888,0.75832,0.77784,0.79744,0.81713,0.8369,0.85676,0.8767,0.89673,0.91684,0.93704,0.95732,0.97768,0.99813,1.0187,1.0393,1.06,1.0808,1.1017,1.1226,1.1437,1.1648,1.186
0.96,NaN,NaN,NaN,NaN,NaN,NaN,NaN,NaN,NaN,NaN,NaN,NaN,NaN,NaN,NaN,NaN,NaN,NaN,NaN,NaN,NaN,NaN,NaN,NaN,NaN,NaN,NaN,NaN,NaN,NaN,NaN,NaN,NaN,NaN,NaN,NaN,NaN,0.015586,0.031276,0.047046,0.062897,0.078827,0.094837,0.11093,0.12709,0.14334,0.15966,0.17606,0.19254,0.2091,0.22573,0.24243,0.25921,0.27607,0.293,0.31,0.32708,0.34423,0.36145,0.37874,0.39611,0.41355,0.43106,0.44864,0.46629,0.48402,0.50181,0.51968,0.53761,0.55561,0.57369,0.59183,0.61004,0.62832,0.64667,0.66509,0.68358,0.70213,0.72076,0.73945,0.75821,0.77703,0.79593,0.81489,0.83392,0.85302,0.87218,0.89141,0.91071,0.93008,0.94951,0.96901,0.98858,1.0082,1.0279,1.0477,1.0675,1.0874,1.1074,1.1274,1.1475
0.97,NaN,NaN,NaN,NaN,NaN,NaN,NaN,NaN,NaN,NaN,NaN,NaN,NaN,NaN,NaN,NaN,NaN,NaN,NaN,NaN,NaN,NaN,NaN,NaN,NaN,NaN,NaN,NaN,NaN,NaN,NaN,NaN,NaN,NaN,NaN,NaN,NaN,0.015421,0.030934,0.046517,0.06217,0.077891,0.093681,0.10954,0.12546,0.14146,0.15752,0.17364,0.18983,0.20608,0.2224,0.23878,0.25523,0.27173,0.2883,0.30493,0.32162,0.33837,0.35519,0.37206,0.38899,0.40598,0.42303,0.44013,0.4573,0.47452,0.4918,0.50914,0.52653,0.54398,0.56148,0.57904,0.59666,0.61433,0.63205,0.64983,0.66766,0.68555,0.70349,0.72149,0.73953,0.75763,0.77579,0.79399,0.81225,0.83056,0.84893,0.86734,0.88581,0.90433,0.92289,0.94152,0.96019,0.97891,0.99768,1.0165,1.0354,1.0543,1.0733,1.0923,1.1114
0.98,NaN,NaN,NaN,NaN,NaN,NaN,NaN,NaN,NaN,NaN,NaN,NaN,NaN,NaN,NaN,NaN,NaN,NaN,NaN,NaN,NaN,NaN,NaN,NaN,NaN,NaN,NaN,NaN,NaN,NaN,NaN,NaN,NaN,NaN,NaN,NaN,NaN,0.015259,0.0306,0.046,0.061459,0.076978,0.092554,0.10819,0.12388,0.13962,0.15542,0.17128,0.18719,0.20315,0.21917,0.23524,0.25136,0.26753,0.28375,0.30003,0.31635,0.33272,0.34914,0.3656,0.38212,0.39868,0.41529,0.43194,0.44864,0.46539,0.48218,0.49901,0.51589,0.53281,0.54978,0.56679,0.58384,0.60093,0.61807,0.63525,0.65247,0.66973,0.68703,0.70437,0.72175,0.73917,0.75663,0.77413,0.79167,0.80925,0.82687,0.84452,0.86221,0.87995,0.89771,0.91552,0.93336,0.95125,0.96916,0.98712,1.0051,1.0231,1.0412,1.0593,1.0774
0.99,NaN,NaN,NaN,NaN,NaN,NaN,NaN,NaN,NaN,NaN,NaN,NaN,NaN,NaN,NaN,NaN,NaN,NaN,NaN,NaN,NaN,NaN,NaN,NaN,NaN,NaN,NaN,NaN,NaN,NaN,NaN,NaN,NaN,NaN,NaN,NaN,NaN,0.0151,0.030272,0.045494,0.060765,0.076085,0.091452,0.10687,0.12233,0.13784,0.15339,0.16898,0.18462,0.20031,0.21603,0.2318,0.24761,0.26346,0.27935,0.29528,0.31124,0.32725,0.34329,0.35937,0.37549,0.39164,0.40782,0.42405,0.44031,0.4566,0.47292,0.48928,0.50567,0.5221,0.53855,0.55504,0.57156,0.58811,0.60469,0.6213,0.63794,0.65461,0.67131,0.68804,0.70479,0.72158,0.73839,0.75523,0.7721,0.78899,0.80591,0.82286,0.83983,0.85683,0.87386,0.89091,0.90798,0.92508,0.94221,0.95936,0.97653,0.99373,1.011,1.0282,1.0455
1,NaN,NaN,NaN,NaN,NaN,NaN,NaN,NaN,NaN,NaN,NaN,NaN,NaN,NaN,NaN,NaN,NaN,NaN,NaN,NaN,NaN,NaN,NaN,NaN,NaN,NaN,NaN,NaN,NaN,NaN,NaN,NaN,NaN,NaN,NaN,NaN,NaN,0.014944,0.029952,0.044999,0.060087,0.075213,0.090377,0.10558,0.12082,0.13609,0.1514,0.16675,0.18213,0.19754,0.21298,0.22846,0.24397,0.25951,0.27508,0.29067,0.3063,0.32195,0.33763,0.35334,0.36908,0.38484,0.40062,0.41644,0.43227,0.44813,0.46402,0.47992,0.49585,0.5118,0.52777,0.54377,0.55978,0.57582,0.59187,0.60795,0.62404,0.64016,0.65629,0.67244,0.68861,0.70479,0.721,0.73722,0.75346,0.76971,0.78598,0.80227,0.81857,0.83489,0.85122,0.86757,0.88393,0.9003,0.91669,0.9331,0.94952,0.96595,0.98239,0.99885,1.0153
